ticker,name,market_category,financial_status,cik,sec_name,is_biopharma,classification_reason
AAPG,Ascentage Pharma Group International - American Depository Shares,G,N,2023311,ASCENTAGE PHARMA GROUP INTERNATIONAL,True,Matched: 'pharma'
AARD,"Aardvark Therapeutics, Inc. - Common Stock",Q,N,1774857,"Aardvark Therapeutics, Inc.",True,Matched: 'therapeutics'
ABCL,AbCellera Biologics Inc. - Common Shares,Q,N,1703057,AbCellera Biologics Inc.,True,Matched: 'Bio-' prefix
ABEO,Abeona Therapeutics Inc. - Common Stock,S,N,318306,ABEONA THERAPEUTICS INC.,True,Matched: 'therapeutics'
ABOS,"Acumen Pharmaceuticals, Inc. - Common Stock",Q,N,1576885,"Acumen Pharmaceuticals, Inc.",True,Matched: 'pharma'
ABUS,Arbutus Biopharma Corporation - Common Stock,Q,N,1447028,Arbutus Biopharma Corp,True,Matched: 'Bio-' prefix
ABVC,"ABVC BioPharma, Inc. - Common Stock",S,N,1173313,"ABVC BIOPHARMA, INC.",True,Matched: 'Bio-' prefix
ACAD,ACADIA Pharmaceuticals Inc. - Common Stock,Q,N,1070494,ACADIA PHARMACEUTICALS INC,True,Matched: 'pharma'
ACET,"Adicet Bio, Inc. - Common Stock",S,D,1720580,"Adicet Bio, Inc.",True,Matched: '-bio' suffix
ACRS,"Aclaris Therapeutics, Inc. - Common Stock",Q,N,1557746,"Aclaris Therapeutics, Inc.",True,Matched: 'therapeutics'
ACRV,"Acrivon Therapeutics, Inc. - Common Stock",G,N,1781174,"Acrivon Therapeutics, Inc.",True,Matched: 'therapeutics'
ACTU,"Actuate Therapeutics, Inc. - Common stock",G,N,1652935,"ACTUATE THERAPEUTICS, INC.",True,Matched: 'therapeutics'
ACXP,"Acurx Pharmaceuticals, Inc. - Common Stock",S,N,1736243,"Acurx Pharmaceuticals, Inc.",True,Matched: 'pharma'
ADAG,"Adagene Inc. - ADS, each representing 1.25 ordinary shares",G,N,1818838,Adagene Inc.,True,Matched: 'gene '
ADGM,"Adagio Medical Holdings, Inc - Common Stock",S,D,2006986,"Adagio Medical Holdings, Inc.",True,Matched: 'medica'
ADIL,"Adial Pharmaceuticals, Inc - Common Stock",S,D,1513525,"ADIAL PHARMACEUTICALS, INC.",True,Matched: 'pharma'
ADMA,ADMA Biologics Inc - Common Stock,G,N,1368514,"ADMA BIOLOGICS, INC.",True,Matched: 'Bio-' prefix
ADPT,Adaptive Biotechnologies Corporation - Common Stock,Q,N,1478320,Adaptive Biotechnologies Corp,True,Matched: 'Bio-' prefix
ADVB,Advanced Biomed Inc. - Common Stock,S,D,1941029,Advanced Biomed Inc.,True,Matched: 'Bio-' prefix
ADVM,"Adverum Biotechnologies, Inc. - Common Stock",S,N,1501756,"Adverum Biotechnologies, Inc.",True,Matched: 'Bio-' prefix
ADXN,Addex Therapeutics Ltd - American Depositary Shares,S,N,1574232,Addex Therapeutics Ltd.,True,Matched: 'therapeutics'
AEMD,"Aethlon Medical, Inc. - Common Stock",S,N,882291,AETHLON MEDICAL INC,True,Matched: 'medica'
AGIO,"Agios Pharmaceuticals, Inc. - Common Stock",Q,N,1439222,"AGIOS PHARMACEUTICALS, INC.",True,Matched: 'pharma'
AIFF,"Firefly Neuroscience, Inc.  - Common Stock",S,N,803578,"FIREFLY NEUROSCIENCE, INC.",True,Matched: 'neuroscience'
AKBA,"Akebia Therapeutics, Inc. - Common Stock",S,N,1517022,"Akebia Therapeutics, Inc.",True,Matched: 'therapeutics'
AKRO,"Akero Therapeutics, Inc. - Common Stock",Q,N,1744659,"Akero Therapeutics, Inc.",True,Matched: 'therapeutics'
AKTX,Akari Therapeutics Plc - American Depositary Shares,S,N,1541157,Akari Therapeutics Plc,True,Matched: 'therapeutics'
ALDX,"Aldeyra Therapeutics, Inc. - Common Stock",S,N,1341235,"Aldeyra Therapeutics, Inc.",True,Matched: 'therapeutics'
ALGS,"Aligos Therapeutics, Inc. - Common stock",S,N,1799448,"Aligos Therapeutics, Inc.",True,Matched: 'therapeutics'
ALLO,"Allogene Therapeutics, Inc. - Common Stock",Q,N,1737287,"Allogene Therapeutics, Inc.",True,Matched: 'therapeutics'
ALLR,"Allarity Therapeutics, Inc. - Common stock",S,N,1860657,"Allarity Therapeutics, Inc.",True,Matched: 'therapeutics'
ALNY,"Alnylam Pharmaceuticals, Inc. - Common Stock",Q,N,1178670,"ALNYLAM PHARMACEUTICALS, INC.",True,Matched: 'pharma'
ALXO,ALX Oncology Holdings Inc. - Common Stock,Q,N,1810182,ALX ONCOLOGY HOLDINGS INC,True,Matched: 'oncology'
ALZN,"Alzamend Neuro, Inc. - Common Stock",S,N,1677077,"Alzamend Neuro, Inc.",True,Matched: 'neuro'
AMBR,Amber International Holding Limited - American Depositary Shares,G,N,1697818,Amber International Holding Ltd,True,Matched: 'rna'
AMGN,Amgen Inc. - Common Stock,Q,N,318154,AMGEN INC,True,Known biopharma (allowlist)
AMIX,"Autonomix Medical, Inc. - Common Stock",S,N,1617867,"Autonomix Medical, Inc.",True,Matched: 'medica'
AMLX,"Amylyx Pharmaceuticals, Inc. - Common Stock",Q,N,1658551,"Amylyx Pharmaceuticals, Inc.",True,Matched: 'pharma'
AMPH,"Amphastar Pharmaceuticals, Inc. - Common Stock",Q,N,1297184,"Amphastar Pharmaceuticals, Inc.",True,Matched: 'pharma'
AMRX,"Amneal Pharmaceuticals, Inc. - Class A Common Stock",Q,N,1723128,"Amneal Pharmaceuticals, Inc.",True,Matched: 'pharma'
ANAB,"AnaptysBio, Inc. - Common Stock",Q,N,1370053,"ANAPTYSBIO, INC",True,Matched: '-bio' suffix
ANEB,"Anebulo Pharmaceuticals, Inc. - Common Stock",S,N,1815974,"Anebulo Pharmaceuticals, Inc.",True,Matched: 'pharma'
ANIK,Anika Therapeutics Inc. - Common Stock,Q,N,898437,"Anika Therapeutics, Inc.",True,Matched: 'therapeutics'
ANIP,"ANI Pharmaceuticals, Inc. - Common Stock",G,N,1023024,ANI PHARMACEUTICALS INC,True,Matched: 'pharma'
ANIX,"Anixa Biosciences, Inc. - Common Stock",S,N,715446,Anixa Biosciences Inc,True,Matched: 'Bio-' prefix
ANTX,"AN2 Therapeutics, Inc. - Common Stock",Q,N,1880438,"AN2 Therapeutics, Inc.",True,Matched: 'therapeutics'
APGE,"Apogee Therapeutics, Inc. - Common Stock",G,N,1974640,"Apogee Therapeutics, Inc.",True,Matched: 'therapeutics'
APLS,"Apellis Pharmaceuticals, Inc. - Common Stock",Q,N,1492422,"Apellis Pharmaceuticals, Inc.",True,Matched: 'pharma'
APLT,"Applied Therapeutics, Inc. - Common Stock",S,D,1697532,"Applied Therapeutics, Inc.",True,Matched: 'therapeutics'
APRE,"Aprea Therapeutics, Inc. - Common Stock",S,N,1781983,"Aprea Therapeutics, Inc.",True,Matched: 'therapeutics'
APVO,Aptevo Therapeutics Inc. - Common Stock,S,N,1671584,Aptevo Therapeutics Inc.,True,Matched: 'therapeutics'
APYX,Apyx Medical Corporation - Common Stock,Q,N,719135,Apyx Medical Corp,True,Matched: 'medica'
AQST,"Aquestive Therapeutics, Inc. - Common Stock",G,N,1398733,"Aquestive Therapeutics, Inc.",True,Matched: 'therapeutics'
ARCT,Arcturus Therapeutics Holdings Inc. - Common Stock,G,N,1768224,Arcturus Therapeutics Holdings Inc.,True,Matched: 'therapeutics'
ARQT,"Arcutis Biotherapeutics, Inc. - Common stock",Q,N,1787306,"Arcutis Biotherapeutics, Inc.",True,Known biopharma (allowlist)
ARTL,"Artelo Biosciences, Inc. - Common Stock",S,D,1621221,"ARTELO BIOSCIENCES, INC.",True,Matched: 'Bio-' prefix
ARTV,"Artiva Biotherapeutics, Inc. - Common Stock",G,N,1817241,"Artiva Biotherapeutics, Inc.",True,Matched: 'Bio-' prefix
ARWR,"Arrowhead Pharmaceuticals, Inc. - Common Stock",Q,N,879407,"ARROWHEAD PHARMACEUTICALS, INC.",True,Matched: 'pharma'
ASBP,"Aspire Biopharma Holdings, Inc.  - Common Stock",G,D,1847345,"Aspire Biopharma Holdings, Inc.",True,Matched: 'Bio-' prefix
ASBPW,"Aspire Biopharma Holdings, Inc.  - Warrant",S,N,1847345,"Aspire Biopharma Holdings, Inc.",True,Matched: 'Bio-' prefix
ASMB,"Assembly Biosciences, Inc. - Common Stock",Q,N,1426800,"ASSEMBLY BIOSCIENCES, INC.",True,Matched: 'Bio-' prefix
ASND,Ascendis Pharma A/S - American Depositary Shares,Q,N,1612042,Ascendis Pharma A/S,True,Matched: 'pharma'
ATHA,"Athira Pharma, Inc. - Common Stock",S,N,1620463,"Athira Pharma, Inc.",True,Matched: 'pharma'
ATHE,Alterity Therapeutics Limited - American Depositary Shares,S,N,1131343,ALTERITY THERAPEUTICS LTD,True,Matched: 'therapeutics'
ATLN,Atlantic International Corp. - Common Stock,G,N,1605888,ATLANTIC INTERNATIONAL CORP.,True,Matched: 'rna'
ATNI,"ATN International, Inc. - Common Stock",Q,N,879585,"ATN International, Inc.",True,Matched: 'rna'
ATOS,"Atossa Therapeutics, Inc. - Common Stock",S,D,1488039,"ATOSSA THERAPEUTICS, INC.",True,Matched: 'therapeutics'
ATRA,"Atara Biotherapeutics, Inc. - Common Stock",Q,N,1604464,"Atara Biotherapeutics, Inc.",True,Matched: 'Bio-' prefix
ATXS,"Astria Therapeutics, Inc. - Common Stock",G,N,1454789,"Astria Therapeutics, Inc.",True,Matched: 'therapeutics'
ATYR,"aTyr Pharma, Inc. - Common Stock",S,N,1339970,aTYR PHARMA INC,True,Matched: 'pharma'
AUPH,Aurinia Pharmaceuticals Inc - Common Shares,G,N,1600620,Aurinia Pharmaceuticals Inc.,True,Matched: 'pharma'
AURA,"Aura Biosciences, Inc. - Common Stock",G,N,1501796,"Aura Biosciences, Inc.",True,Matched: 'Bio-' prefix
AUTL,Autolus Therapeutics plc - American Depositary Shares,Q,N,1730463,Autolus Therapeutics plc,True,Matched: 'therapeutics'
AVBP,"ArriVent BioPharma, Inc. - Common Stock",G,N,1868279,"ArriVent BioPharma, Inc.",True,Matched: 'Bio-' prefix
AVDL,Avadel Pharmaceuticals plc - Ordinary Share,G,N,1012477,AVADEL PHARMACEUTICALS PLC,True,Matched: 'pharma'
AVIR,"Atea Pharmaceuticals, Inc. - common stock",Q,N,1593899,"Atea Pharmaceuticals, Inc.",True,Matched: 'pharma'
AVTX,"Avalo Therapeutics, Inc. - Common Stock",S,N,1534120,"Avalo Therapeutics, Inc.",True,Matched: 'therapeutics'
AXSM,"Axsome Therapeutics, Inc. - Common Stock",G,N,1579428,"Axsome Therapeutics, Inc.",True,Matched: 'therapeutics'
AYTU,"Aytu BioPharma, Inc.  - Common Stock",S,N,1385818,"AYTU BIOPHARMA, INC",True,Matched: 'Bio-' prefix
BANL,CBL International Limited - Ordinary Shares,S,D,1914805,CBL International Ltd,True,Matched: 'rna'
BBIO,"BridgeBio Pharma, Inc. - Common Stock",Q,N,1743881,"BridgeBio Pharma, Inc.",True,Matched: '-bio' suffix
BBLG,Bone Biologics Corp - Common Stock,S,N,1419554,Bone Biologics Corp,True,Matched: 'Bio-' prefix
BBLGW,Bone Biologics Corp - warrants,S,N,1419554,Bone Biologics Corp,True,Matched: 'Bio-' prefix
BBNX,"Beta Bionics, Inc. - Common Stock",G,N,1674632,"Beta Bionics, Inc.",True,Matched: 'Bio-' prefix
BBOT,"BridgeBio Oncology Therapeutics, Inc. - Common Stock",G,N,1869105,"BridgeBio Oncology Therapeutics, Inc.",True,Matched: '-bio' suffix
BCAB,"BioAtla, Inc. - Common Stock",S,D,1826892,"BioAtla, Inc.",True,Matched: 'Bio-' prefix
BCAX,Bicara Therapeutics Inc. - Common Stock,G,N,2023658,Bicara Therapeutics Inc.,True,Matched: 'therapeutics'
BCDA,"BioCardia, Inc. - Common Stock",S,N,925741,"BioCardia, Inc.",True,Matched: 'Bio-' prefix
BCRX,"BioCryst Pharmaceuticals, Inc. - Common Stock",Q,N,882796,BIOCRYST PHARMACEUTICALS INC,True,Matched: 'Bio-' prefix
BCTX,BriaCell Therapeutics Corp. - Common Shares,S,N,1610820,BriaCell Therapeutics Corp.,True,Matched: 'therapeutics'
BCTXW,BriaCell Therapeutics Corp. - Warrant,S,N,1610820,BriaCell Therapeutics Corp.,True,Matched: 'therapeutics'
BCTXZ,BriaCell Therapeutics Corp. - Warrant,S,N,1610820,BriaCell Therapeutics Corp.,True,Matched: 'therapeutics'
BCYC,Bicycle Therapeutics plc - American Depositary Shares,Q,N,1761612,BICYCLE THERAPEUTICS PLC,True,Matched: 'therapeutics'
BDMD,Baird Medical Investment Holdings Ltd - Ordinary Share,S,N,1982444,Baird Medical Investment Holdings Ltd,True,Matched: 'medica'
BDMDW,Baird Medical Investment Holdings Ltd - Warrant,S,N,1982444,Baird Medical Investment Holdings Ltd,True,Matched: 'medica'
BDRX,Biodexa Pharmaceuticals plc - American Depositary Shares,S,N,1643918,Biodexa Pharmaceuticals Plc,True,Matched: 'Bio-' prefix
BDSX,"Biodesix, Inc. - Common Stock",G,N,1439725,BIODESIX INC,True,Matched: 'Bio-' prefix
BDTX,"Black Diamond Therapeutics, Inc. - Common Stock",Q,N,1701541,"Black Diamond Therapeutics, Inc.",True,Matched: 'therapeutics'
BEAM,Beam Therapeutics Inc. - Common Stock,Q,N,1745999,Beam Therapeutics Inc.,True,Matched: 'therapeutics'
BFRI,Biofrontera Inc. - Common Stock,S,N,1858685,Biofrontera Inc.,True,Matched: 'Bio-' prefix
BFRIW,Biofrontera Inc. - Warrants,S,N,1858685,Biofrontera Inc.,True,Matched: 'Bio-' prefix
BGLC,BioNexus Gene Lab Corp - Common stock,S,N,1737523,BioNexus Gene Lab Corp,True,Matched: 'Bio-' prefix
BGMS,"Bio Green Med Solution, Inc. - Common Stock",S,N,1130166,"Bio Green Med Solution, Inc.",True,Matched: '-bio' suffix
BGMSP,"Bio Green Med Solution, Inc. - 6% Convertible Preferred Stock",S,D,1130166,"Bio Green Med Solution, Inc.",True,Matched: '-bio' suffix
BHST,BioHarvest Sciences Inc. - Common Stock,G,N,1723464,BIOHARVEST SCIENCES INC.,True,Matched: 'Bio-' prefix
BIAF,"bioAffinity Technologies, Inc. - Common Stock",S,N,1712762,"bioAffinity Technologies, Inc.",True,Matched: 'Bio-' prefix
BIAFW,"bioAffinity Technologies, Inc. - Warrant",S,N,1712762,"bioAffinity Technologies, Inc.",True,Matched: 'Bio-' prefix
BIIB,Biogen Inc. - Common Stock,Q,N,875045,BIOGEN INC.,True,Matched: 'Bio-' prefix
BIOA,"BioAge Labs, Inc. - Common Stock",Q,N,1709941,"BioAge Labs, Inc.",True,Matched: 'Bio-' prefix
BIOX,Bioceres Crop Solutions Corp. - Ordinary Shares,Q,N,1769484,Bioceres Crop Solutions Corp.,True,Matched: 'Bio-' prefix
BIVI,BioVie Inc. - Common stock,S,N,1580149,BIOVIE INC.,True,Matched: 'Bio-' prefix
BIVIW,BioVie Inc. - Warrant,S,N,1580149,BIOVIE INC.,True,Matched: 'Bio-' prefix
BIYA,Baiya International Group Inc.  - Ordinary Shares,S,D,1944712,Baiya International Group Inc.,True,Matched: 'rna'
BKYI,"BIO-key International, Inc. - Common Stock",S,D,1019034,BIO KEY INTERNATIONAL INC,True,Matched: '-bio' suffix
BLFS,"BioLife Solutions, Inc. - Common Stock",S,N,834365,BIOLIFE SOLUTIONS INC,True,Matched: 'Bio-' prefix
BLRX,BioLineRx Ltd. - American Depositary Shares,S,N,1498403,BioLineRx Ltd.,True,Matched: 'Bio-' prefix
BLTE,"Belite Bio, Inc - American Depositary Shares",S,N,1889109,"BELITE BIO, INC",True,Matched: '-bio' suffix
BMEA,"Biomea Fusion, Inc. - Common Stock",Q,N,1840439,"Biomea Fusion, Inc.",True,Matched: 'Bio-' prefix
BMGL,Basel Medical Group Ltd - ordinary shares,S,N,2004489,Basel Medical Group Ltd,True,Matched: 'medica'
BMRA,"Biomerica, Inc. - Common Stock",S,N,73290,BIOMERICA INC,True,Matched: 'Bio-' prefix
BMRN,BioMarin Pharmaceutical Inc. - Common Stock,Q,N,1048477,BIOMARIN PHARMACEUTICAL INC,True,Matched: 'Bio-' prefix
BNGO,"Bionano Genomics, Inc. - Common Stock",S,N,1411690,"Bionano Genomics, Inc.",True,Matched: 'Bio-' prefix
BNR,Burning Rock Biotech Limited - American Depositary Shares,G,N,1792267,Burning Rock Biotech Ltd,True,Matched: 'Bio-' prefix
BNTC,Benitec Biopharma Inc. - Common Stock,S,N,1808898,Benitec Biopharma Inc.,True,Matched: 'Bio-' prefix
BNTX,BioNTech SE - American Depositary Shares,Q,N,1776985,BioNTech SE,True,Matched: 'Bio-' prefix
BNZI,"Banzai International, Inc. - Class A Common Stock",S,N,1826011,"Banzai International, Inc.",True,Matched: 'rna'
BNZIW,"Banzai International, Inc. - Warrant",S,N,1826011,"Banzai International, Inc.",True,Matched: 'rna'
BOLD,"Boundless Bio, Inc. - Common Stock",Q,N,1782303,"Boundless Bio, Inc.",True,Matched: '-bio' suffix
BOLT,"Bolt Biotherapeutics, Inc. - Common Stock",S,N,1641281,"Bolt Biotherapeutics, Inc.",True,Matched: 'Bio-' prefix
BRNS,Barinthus Biotherapeutics plc - American Depositary Shares,G,N,1828185,Barinthus Biotherapeutics plc.,True,Matched: 'Bio-' prefix
BRTX,"BioRestorative Therapies, Inc. - Common Stock",S,N,1505497,"BioRestorative Therapies, Inc.",True,Matched: 'Bio-' prefix
BTAI,"BioXcel Therapeutics, Inc. - Common Stock",S,N,1720893,"BioXcel Therapeutics, Inc.",True,Matched: 'Bio-' prefix
BTMD,Biote Corp. - Class A common stock,G,N,1819253,biote Corp.,True,Matched: 'Bio-' prefix
BVS,Bioventus Inc. - Class A Common Stock,Q,N,1665988,Bioventus Inc.,True,Matched: 'Bio-' prefix
BYAH,"Park Ha Biological Technology Co., Ltd. - ordinary shares",S,D,1986247,"Park Ha Biological Technology Co., Ltd.",True,Matched: 'Bio-' prefix
BYRN,"Byrna Technologies, Inc. - Common Stock",S,N,1354866,Byrna Technologies Inc.,True,Matched: 'rna'
CABA,"Cabaletta Bio, Inc. - Common Stock",Q,N,1759138,"Cabaletta Bio, Inc.",True,Matched: '-bio' suffix
CADL,"Candel Therapeutics, Inc. - Common Stock",G,N,1841387,"Candel Therapeutics, Inc.",True,Matched: 'therapeutics'
CALC,"CalciMedica, Inc. - Common Stock",S,N,1534133,"CalciMedica, Inc.",True,Matched: 'medica'
CAMP,CAMP4 Therapeutics Corporation - Common Stock,G,N,1736730,Camp4 Therapeutics Corp,True,Matched: 'therapeutics'
CAPR,"Capricor Therapeutics, Inc. - Common Stock",S,N,1133869,"CAPRICOR THERAPEUTICS, INC.",True,Matched: 'therapeutics'
CASI,"CASI Pharmaceuticals, Inc. - Ordinary Shares",S,D,1962738,"CASI Pharmaceuticals, Inc.",True,Matched: 'pharma'
CASY,"Caseys General Stores, Inc. - Common Stock",Q,N,726958,CASEYS GENERAL STORES INC,True,Matched: ' gene'
CATY,Cathay General Bancorp - Common Stock,Q,N,861842,CATHAY GENERAL BANCORP,True,Matched: ' gene'
CBIO,"Crescent Biopharma, Inc. - Common Stock",S,N,1253689,"CRESCENT BIOPHARMA, INC.",True,Matched: 'Bio-' prefix
CCCC,"C4 Therapeutics, Inc. - Common Stock",Q,N,1662579,"C4 Therapeutics, Inc.",True,Matched: 'therapeutics'
CCTG,CCSC Technology International Holdings Limited - Class A Ordinary Shares,S,N,1931717,CCSC Technology International Holdings Ltd,True,Matched: 'rna'
CDIO,Cardio Diagnostics Holdings Inc. - Common stock,S,N,1870144,"Cardio Diagnostics Holdings, Inc.",True,Matched: 'cardio'
CDIOW,Cardio Diagnostics Holdings Inc. - Warrant,S,N,1870144,"Cardio Diagnostics Holdings, Inc.",True,Matched: 'cardio'
CDTX,"Cidara Therapeutics, Inc. - Common Stock",S,N,1610618,"Cidara Therapeutics, Inc.",True,Matched: 'therapeutics'
CDXS,"Codexis, Inc. - Common Stock",Q,N,1200375,"CODEXIS, INC.",True,Known biopharma (allowlist)
CELZ,"Creative Medical Technology Holdings, Inc. - Common Stock",S,N,1187953,"CREATIVE MEDICAL TECHNOLOGY HOLDINGS, INC.",True,Matched: 'medica'
CGEM,"Cullinan Therapeutics, Inc. - Common Stock",Q,N,1789972,"Cullinan Therapeutics, Inc.",True,Matched: 'therapeutics'
CGON,"CG Oncology, Inc. - Common stock",Q,N,1991792,"CG Oncology, Inc.",True,Matched: 'oncology'
CGTX,"Cognition Therapeutics, Inc. - Common Stock",S,N,1455365,COGNITION THERAPEUTICS INC,True,Matched: 'therapeutics'
CHRS,"Coherus Oncology, Inc. - Common Stock",G,N,1512762,"Coherus Oncology, Inc.",True,Matched: 'oncology'
CHSN,Chanson International Holding - Class A Ordinary Shares,S,N,1825349,Chanson International Holding,True,Matched: 'rna'
CIGI,Colliers International Group Inc.  - Subordinate Voting Shares,Q,N,913353,Colliers International Group Inc.,True,Matched: 'rna'
CIGL,Concorde International Group Ltd - Class A Ordinary Shares,S,N,2001794,Concorde International Group Ltd.,True,Matched: 'rna'
CIIT,"Tianci International, Inc. - Common Stock",S,D,1557798,"Tianci International, Inc.",True,Matched: 'rna'
CLDX,"Celldex Therapeutics, Inc. - Common Stock",S,N,744218,"Celldex Therapeutics, Inc.",True,Matched: 'therapeutics'
CLGN,CollPlant Biotechnologies Ltd. - Ordinary Shares,S,N,1631487,CollPlant Biotechnologies Ltd,True,Matched: 'Bio-' prefix
CLPT,ClearPoint Neuro Inc. - Common Stock,S,N,1285550,"ClearPoint Neuro, Inc.",True,Matched: 'neuro'
CLRB,"Cellectar Biosciences, Inc. - Common Stock",S,N,1279704,"Cellectar Biosciences, Inc.",True,Matched: 'Bio-' prefix
CLSD,"Clearside Biomedical, Inc. - Common Stock",G,D,1539029,"Clearside Biomedical, Inc.",True,Matched: 'Bio-' prefix
CLYM,"Climb Bio, Inc. - Common Stock",G,N,1768446,"Climb Bio, Inc.",True,Matched: '-bio' suffix
CMMB,Chemomab Therapeutics Ltd.  - American Depositary Shares,S,N,1534248,Chemomab Therapeutics Ltd.,True,Matched: 'therapeutics'
CMPX,"Compass Therapeutics, Inc. - Common Stock",S,N,1738021,"Compass Therapeutics, Inc.",True,Matched: 'therapeutics'
CNSP,"CNS Pharmaceuticals, Inc. - Common Stock",S,N,1729427,"CNS Pharmaceuticals, Inc.",True,Matched: 'pharma'
CNTA,Centessa Pharmaceuticals plc - American Depositary Shares,Q,N,1847903,Centessa Pharmaceuticals plc,True,Matched: 'pharma'
CNTB,Connect Biopharma Holdings Limited - Ordinary Shares,G,N,1835268,Connect Biopharma Holdings Ltd,True,Matched: 'Bio-' prefix
CNTX,Context Therapeutics Inc. - Common Stock,S,N,1842952,Context Therapeutics Inc.,True,Matched: 'therapeutics'
COCH,"Envoy Medical, Inc. - Class A Common Stock",S,D,1840877,"Envoy Medical, Inc.",True,Matched: 'medica'
COCHW,"Envoy Medical, Inc. - Warrant",S,D,1840877,"Envoy Medical, Inc.",True,Matched: 'medica'
COCP,"Cocrystal Pharma, Inc. - Common Stock",S,N,1412486,"Cocrystal Pharma, Inc.",True,Matched: 'pharma'
COEP,"Coeptis Therapeutics Holdings, Inc. - Common Stock",S,N,1759186,"Coeptis Therapeutics Holdings, Inc.",True,Matched: 'therapeutics'
COEPW,"Coeptis Therapeutics Holdings, Inc. - Warrants",S,N,1759186,"Coeptis Therapeutics Holdings, Inc.",True,Matched: 'therapeutics'
COGT,"Cogent Biosciences, Inc. - Common Stock",Q,N,1622229,"Cogent Biosciences, Inc.",True,Matched: 'Bio-' prefix
COLL,"Collegium Pharmaceutical, Inc. - Common Stock",Q,N,1267565,"COLLEGIUM PHARMACEUTICAL, INC",True,Matched: 'pharma'
CORT,Corcept Therapeutics Incorporated - Common Stock,S,N,1088856,CORCEPT THERAPEUTICS INC,True,Matched: 'therapeutics'
COYA,"Coya Therapeutics, Inc. - Common Stock",S,N,1835022,"Coya Therapeutics, Inc.",True,Matched: 'therapeutics'
CPIX,Cumberland Pharmaceuticals Inc. - Common Stock,Q,N,1087294,CUMBERLAND PHARMACEUTICALS INC,True,Matched: 'pharma'
CPRX,"Catalyst Pharmaceuticals, Inc. - Common Stock",S,N,1369568,"CATALYST PHARMACEUTICALS, INC.",True,Known biopharma (allowlist)
CRAI,"CRA International,Inc. - Common Stock",Q,N,1053706,"CRA INTERNATIONAL, INC.",True,Matched: 'rna'
CRBP,"Corbus Pharmaceuticals Holdings, Inc. - Common Stock",S,N,1595097,"Corbus Pharmaceuticals Holdings, Inc.",True,Matched: 'pharma'
CRBU,"Caribou Biosciences, Inc. - Common Stock",Q,N,1619856,"Caribou Biosciences, Inc.",True,Matched: 'Bio-' prefix
CRDF,"Cardiff Oncology, Inc. - Common Stock",S,N,1213037,"Cardiff Oncology, Inc.",True,Matched: 'oncology'
CRDL,Cardiol Therapeutics Inc. - Class A Common Shares,S,N,1702123,Cardiol Therapeutics Inc.,True,Matched: 'therapeutics'
CRNX,"Crinetics Pharmaceuticals, Inc. - Common Stock",Q,N,1658247,"Crinetics Pharmaceuticals, Inc.",True,Matched: 'pharma'
CRSP,CRISPR Therapeutics AG - Common Shares,G,N,1674416,CRISPR Therapeutics AG,True,Matched: 'therapeutics'
CRVS,"Corvus Pharmaceuticals, Inc. - Common Stock",G,N,1626971,"Corvus Pharmaceuticals, Inc.",True,Known biopharma (allowlist)
CSBR,"Champions Oncology, Inc. - Common Stock",S,N,771856,"CHAMPIONS ONCOLOGY, INC.",True,Matched: 'oncology'
CSGS,"CSG Systems International, Inc. - Common Stock",Q,N,1005757,CSG SYSTEMS INTERNATIONAL INC,True,Matched: 'rna'
CSTL,"Castle Biosciences, Inc. - Common stock",G,N,1447362,CASTLE BIOSCIENCES INC,True,Matched: 'Bio-' prefix
CTKB,"Cytek Biosciences, Inc. - Common Stock",Q,N,1831915,"Cytek Biosciences, Inc.",True,Matched: 'Bio-' prefix
CTMX,"CytomX Therapeutics, Inc. - Common Stock",Q,N,1501989,"CytomX Therapeutics, Inc.",True,Matched: 'therapeutics'
CTNM,"Contineum Therapeutics, Inc. - Common stock",Q,N,1855175,"Contineum Therapeutics, Inc.",True,Matched: 'therapeutics'
CTOR,"Citius Oncology, Inc.  - Common Stock",S,N,1851484,"CITIUS ONCOLOGY, INC.",True,Matched: 'oncology'
CTXR,"Citius Pharmaceuticals, Inc. - Common Stock",S,N,1506251,"Citius Pharmaceuticals, Inc.",True,Matched: 'pharma'
CUE,"Cue Biopharma, Inc. - Common Stock",S,D,1645460,"Cue Biopharma, Inc.",True,Matched: 'Bio-' prefix
CURX,Curanex Pharmaceuticals Inc - Common Stock,S,D,2025942,Curanex Pharmaceuticals Inc,True,Matched: 'pharma'
CVKD,"Cadrenal Therapeutics, Inc. - Common Stock",S,N,1937993,"Cadrenal Therapeutics, Inc.",True,Matched: 'therapeutics'
CYCN,"Cyclerion Therapeutics, Inc. - Common Stock",S,N,1755237,"Cyclerion Therapeutics, Inc.",True,Matched: 'therapeutics'
CYTK,"Cytokinetics, Incorporated - Common Stock",Q,N,1061983,CYTOKINETICS INC,True,Known biopharma (allowlist)
DARE,"Dare Bioscience, Inc. - Common Stock",S,N,1401914,"Dare Bioscience, Inc.",True,Matched: 'Bio-' prefix
DAWN,"Day One Biopharmaceuticals, Inc. - Common Stock",Q,N,1845337,"Day One Biopharmaceuticals, Inc.",True,Known biopharma (allowlist)
DERM,Journey Medical Corporation - Common Stock,S,N,1867066,Journey Medical Corp,True,Matched: 'medica'
DGII,Digi International Inc. - Common Stock,Q,N,854775,DIGI INTERNATIONAL INC,True,Matched: 'rna'
DJCO,Daily Journal Corp. (S.C.) - Common Stock,S,N,783412,DAILY JOURNAL CORP,True,Matched: 'rna'
DMAC,DiaMedica Therapeutics Inc. - Common Stock,S,N,1401040,DiaMedica Therapeutics Inc.,True,Matched: 'therapeutics'
DMIIU,Drugs Made In America Acquisition II Corp. - Unit,G,N,2040475,Drugs Made In America Acquisition II Corp.,True,Matched: 'drug'
DNLI,Denali Therapeutics Inc. - Common Stock,Q,N,1714899,Denali Therapeutics Inc.,True,Matched: 'therapeutics'
DNTH,"Dianthus Therapeutics, Inc. - Common Stock",S,N,1690585,"Dianthus Therapeutics, Inc. /DE/",True,Matched: 'therapeutics'
DOGZ,Dogness (International) Corporation - Class A Common Stock,S,N,1707303,Dogness (International) Corp,True,Matched: 'rna'
DOYU,DouYu International Holdings Limited - American Depositary Shares,Q,N,1762417,DouYu International Holdings Ltd,True,Matched: 'rna'
DRMA,"Dermata Therapeutics, Inc. - Common Stock",S,N,1853816,"Dermata Therapeutics, Inc.",True,Matched: 'therapeutics'
DRMAW,"Dermata Therapeutics, Inc. - Warrant",S,N,1853816,"Dermata Therapeutics, Inc.",True,Matched: 'therapeutics'
DRTS,Alpha Tau Medical Ltd. - Ordinary Shares,S,N,1871321,Alpha Tau Medical Ltd.,True,Matched: 'medica'
DRTSW,Alpha Tau Medical Ltd. - Warrant,S,N,1871321,Alpha Tau Medical Ltd.,True,Matched: 'medica'
DRUG,Bright Minds Biosciences Inc. - common stock,S,N,1827401,BRIGHT MINDS BIOSCIENCES INC.,True,Matched: 'Bio-' prefix
DSGN,"Design Therapeutics, Inc. - Common Stock",Q,N,1807120,"Design Therapeutics, Inc.",True,Matched: 'therapeutics'
DTI,Drilling Tools International Corporation  - Common Stock,S,N,1884516,Drilling Tools International Corp,True,Matched: 'rna'
DTIL,"Precision BioSciences, Inc. - Common Stock",S,N,1357874,PRECISION BIOSCIENCES INC,True,Matched: 'Bio-' prefix
DVAX,Dynavax Technologies Corporation - Common Stock,Q,N,1029142,DYNAVAX TECHNOLOGIES CORP,True,Known biopharma (allowlist)
DWTX,"Dogwood Therapeutics, Inc.  - Common Stock",S,N,1818844,"Dogwood Therapeutics, Inc.",True,Matched: 'therapeutics'
DYAI,"Dyadic International, Inc. - Common Stock",S,N,1213809,DYADIC INTERNATIONAL INC,True,Matched: 'rna'
DYN,"Dyne Therapeutics, Inc. - Common Stock",Q,N,1818794,"Dyne Therapeutics, Inc.",True,Matched: 'therapeutics'
EBON,Ebang International Holdings Inc. - Class A Ordinary Shares,Q,N,1799290,Ebang International Holdings Inc.,True,Matched: 'rna'
EDSA,"Edesa Biotech, Inc. - Common Shares",S,N,1540159,"Edesa Biotech, Inc.",True,Matched: 'Bio-' prefix
EEIQ,EpicQuest Education Group International Limited - Common Stock,S,D,1781397,EpicQuest Education Group International Ltd,True,Matched: 'rna'
EKSO,"Ekso Bionics Holdings, Inc. - Common Stock",S,N,1549084,"EKSO BIONICS HOLDINGS, INC.",True,Matched: 'Bio-' prefix
ELDN,"Eledon Pharmaceuticals, Inc. - Common Stock",S,N,1404281,"Eledon Pharmaceuticals, Inc.",True,Matched: 'pharma'
ELOG,Eastern International Ltd. - Ordinary Shares,S,N,2013320,Eastern International Ltd.,True,Matched: 'rna'
ELTX,"Elicio Therapeutics, Inc. - Common Stock",S,N,1601485,"Elicio Therapeutics, Inc.",True,Matched: 'therapeutics'
ELVN,"Enliven Therapeutics, Inc.  - Common Stock",Q,N,1672619,"Enliven Therapeutics, Inc.",True,Matched: 'therapeutics'
ENGN,enGene Holdings Inc. - Common Stock,S,N,1980845,enGene Holdings Inc.,True,Matched: 'gene '
ENGNW,enGene Holdings Inc. - Warrants,S,N,1980845,enGene Holdings Inc.,True,Matched: 'gene '
ENLV,Enlivex Therapeutics Ltd. - Ordinary Shares,S,N,1596812,Enlivex Therapeutics Ltd.,True,Matched: 'therapeutics'
ENSC,"Ensysce Biosciences, Inc. - Common Stock",S,N,1716947,"Ensysce Biosciences, Inc.",True,Matched: 'Bio-' prefix
ENTA,"Enanta Pharmaceuticals, Inc. - Common Stock",Q,N,1177648,ENANTA PHARMACEUTICALS INC,True,Matched: 'pharma'
ENTO,Entero Therapeutics Inc. - Common Stock,S,N,1604191,"Entero Therapeutics, Inc.",True,Matched: 'therapeutics'
ENTX,Entera Bio Ltd. - Ordinary Shares,S,N,1638097,Entera Bio Ltd.,True,Matched: '-bio' suffix
ENVB,"Enveric Biosciences, Inc.  - Common Stock",S,N,890821,"Enveric Biosciences, Inc.",True,Matched: 'Bio-' prefix
EPRX,Eupraxia Pharmaceuticals Inc. - Common Stock,S,N,1581178,EUPRAXIA PHARMACEUTICALS INC.,True,Matched: 'pharma'
ERNA,Ernexa Therapeutics Inc. - Common Stock,S,N,748592,Ernexa Therapeutics Inc.,True,Matched: 'therapeutics'
ESLA,"Estrella Immunopharma, Inc. - Common Stock",S,N,1844417,"Estrella Immunopharma, Inc.",True,Matched: 'pharma'
ESLAW,"Estrella Immunopharma, Inc. - Warrant",S,N,1844417,"Estrella Immunopharma, Inc.",True,Matched: 'pharma'
ESPR,"Esperion Therapeutics, Inc. - Common Stock",G,N,1434868,"Esperion Therapeutics, Inc.",True,Matched: 'therapeutics'
ETON,"Eton Pharmaceuticals, Inc. - Common Stock",G,N,1710340,"Eton Pharmaceuticals, Inc.",True,Matched: 'pharma'
EVGN,Evogene Ltd. - Ordinary Shares,S,N,1574565,Evogene Ltd.,True,Matched: 'gene '
EVOK,"Evoke Pharma, Inc. - Common Stock",S,N,1403708,Evoke Pharma Inc,True,Matched: 'pharma'
EWTX,"Edgewise Therapeutics, Inc. - Common Stock",Q,N,1710072,"Edgewise Therapeutics, Inc.",True,Matched: 'therapeutics'
EXEL,"Exelixis, Inc. - Common Stock",Q,N,939767,"EXELIXIS, INC.",True,Known biopharma (allowlist)
EYPT,"EyePoint Pharmaceuticals, Inc. - Common Stock",G,N,1314102,"EyePoint Pharmaceuticals, Inc.",True,Matched: 'pharma'
FATE,"Fate Therapeutics, Inc. - Common Stock",G,N,1434316,FATE THERAPEUTICS INC,True,Matched: 'therapeutics'
FBIO,"Fortress Biotech, Inc. - Common Stock",S,N,1429260,"Fortress Biotech, Inc.",True,Matched: 'Bio-' prefix
FBIOP,"Fortress Biotech, Inc. - 9.375% Series A Cumulative Redeemable Perpetual Preferred Stock",S,N,1429260,"Fortress Biotech, Inc.",True,Matched: 'Bio-' prefix
FBLG,"FibroBiologics, Inc. - Common Stock",S,D,1958777,"FibroBiologics, Inc.",True,Matched: 'biologic'
FBRX,"Forte Biosciences, Inc.  - Common Stock",S,N,1419041,"Forte Biosciences, Inc.",True,Matched: 'Bio-' prefix
FDMT,"4D Molecular Therapeutics, Inc. - Common Stock",Q,N,1650648,"4D Molecular Therapeutics, Inc.",True,Matched: 'therapeutics'
FENC,Fennec Pharmaceuticals Inc. - Common Stock,S,N,1211583,FENNEC PHARMACEUTICALS INC.,True,Matched: 'pharma'
FHTX,Foghorn Therapeutics Inc. - Common Stock,G,N,1822462,Foghorn Therapeutics Inc.,True,Matched: 'therapeutics'
FLGT,"Fulgent Genetics, Inc. - Common Stock",G,N,1674930,"Fulgent Genetics, Inc.",True,Matched: 'genetics'
FOLD,"Amicus Therapeutics, Inc. - Common Stock",G,N,1178879,"AMICUS THERAPEUTICS, INC.",True,Known biopharma (allowlist)
FULC,"Fulcrum Therapeutics, Inc. - Common Stock",G,N,1680581,"Fulcrum Therapeutics, Inc.",True,Matched: 'therapeutics'
GALT,Galectin Therapeutics Inc. - Common Stock,S,N,1133416,GALECTIN THERAPEUTICS INC,True,Matched: 'therapeutics'
GANX,"Gain Therapeutics, Inc. - Common Stock",G,N,1819411,"Gain Therapeutics, Inc.",True,Matched: 'therapeutics'
GBIO,Generation Bio Co. - Common stock,Q,N,1733294,Generation Bio Co.,True,Matched: '-bio' suffix
GDTC,CytoMed Therapeutics Limited - Ordinary Shares,S,N,1873093,CytoMed Therapeutics Ltd,True,Matched: 'therapeutics'
GILD,"Gilead Sciences, Inc. - Common Stock",Q,N,882095,"GILEAD SCIENCES, INC.",True,Known biopharma (allowlist)
GLMD,Galmed Pharmaceuticals Ltd. - Ordinary Shares,S,N,1595353,Galmed Pharmaceuticals Ltd.,True,Matched: 'pharma'
GLUE,"Monte Rosa Therapeutics, Inc. - Common Stock",Q,N,1826457,"Monte Rosa Therapeutics, Inc.",True,Matched: 'therapeutics'
GOSS,"Gossamer Bio, Inc. - Common Stock",Q,N,1728117,"Gossamer Bio, Inc.",True,Matched: '-bio' suffix
GPCR,Structure Therapeutics Inc. - American Depositary Shares,G,N,1888886,Structure Therapeutics Inc.,True,Matched: 'therapeutics'
GRCE,"Grace Therapeutics, Inc. - Common Stock",S,N,1444192,"Grace Therapeutics, Inc.",True,Matched: 'therapeutics'
GREE,Greenidge Generation Holdings Inc. - Class A Common Stock,Q,N,1844971,Greenidge Generation Holdings Inc.,True,Matched: ' gene'
GREEL,Greenidge Generation Holdings Inc. - 8.50% Senior Notes due 2026,Q,N,1844971,Greenidge Generation Holdings Inc.,True,Matched: ' gene'
GRI,"GRI Bio, Inc. - Common Stock",S,N,1824293,"GRI Bio, Inc.",True,Matched: '-bio' suffix
GTBP,"GT Biopharma, Inc. - Common Stock",S,N,109657,"GT Biopharma, Inc.",True,Matched: 'Bio-' prefix
GYRE,"Gyre Therapeutics, Inc. - Common Stock",S,N,1124105,"GYRE THERAPEUTICS, INC.",True,Matched: 'therapeutics'
HALO,"Halozyme Therapeutics, Inc. - Common Stock",Q,N,1159036,"HALOZYME THERAPEUTICS, INC.",True,Matched: 'therapeutics'
HBIO,"Harvard Bioscience, Inc. - Common Stock",S,D,1123494,HARVARD BIOSCIENCE INC,True,Matched: 'Bio-' prefix
HCWB,HCW Biologics Inc. - Common Stock,S,D,1828673,HCW Biologics Inc.,True,Matched: 'Bio-' prefix
HDL,SUPER HI INTERNATIONAL HOLDING LTD. - American Depositary Shares,G,N,1995306,SUPER HI INTERNATIONAL HOLDING LTD.,True,Matched: 'rna'
HKPD,Hong Kong Pharma Digital Technology Holdings Limited - Ordinary shares,S,N,2007702,Hong Kong Pharma Digital Technology Holdings Ltd,True,Matched: 'pharma'
HON,Honeywell International Inc. - Common Stock,Q,N,773840,HONEYWELL INTERNATIONAL INC,True,Matched: 'rna'
HOTH,"Hoth Therapeutics, Inc. - Common Stock",S,N,1711786,"Hoth Therapeutics, Inc.",True,Matched: 'therapeutics'
HOWL,"Werewolf Therapeutics, Inc. - Common Stock",Q,N,1785530,"Werewolf Therapeutics, Inc.",True,Matched: 'therapeutics'
HRMY,"Harmony Biosciences Holdings, Inc. - Common Stock",G,N,1802665,"Harmony Biosciences Holdings, Inc.",True,Matched: 'Bio-' prefix
HRTX,"Heron Therapeutics, Inc.   - Common Stock",S,N,818033,"HERON THERAPEUTICS, INC. /DE/",True,Matched: 'therapeutics'
HSII,"Heidrick & Struggles International, Inc. - Common Stock",Q,N,1066605,HEIDRICK & STRUGGLES INTERNATIONAL INC,True,Matched: 'rna'
HTCO,High-Trend International Group - Class A Ordinary Shares,S,N,1928948,High-Trend International Group,True,Matched: 'rna'
HUDI,"Huadi International Group Co., Ltd. - Ordinary Shares",S,N,1791725,"Huadi International Group Co., Ltd.",True,Matched: 'rna'
HUHU,HUHUTECH International Group Inc. - Ordinary Shares,S,N,1945415,HUHUTECH International Group Inc.,True,Matched: 'rna'
HURA,"TuHURA Biosciences, Inc. - Common Stock",S,N,1498382,"TuHURA Biosciences, Inc./NV",True,Matched: 'Bio-' prefix
HWH,HWH International Inc. - Common Stock,S,N,1897245,HWH International Inc.,True,Matched: 'rna'
IBIO,"iBio, Inc. - Common Stock",S,N,1420720,"iBio, Inc.",True,Matched: '-bio' suffix
IBOC,International Bancshares Corporation - Common Stock,Q,N,315709,INTERNATIONAL BANCSHARES CORP,True,Matched: 'rna'
IBRX,"ImmunityBio, Inc. - Common Stock",Q,N,1326110,"ImmunityBio, Inc.",True,Matched: '-bio' suffix
ICCM,IceCure Medical Ltd. - Ordinary Shares,S,D,1584371,IceCure Medical Ltd.,True,Matched: 'medica'
ICFI,"ICF International, Inc. - Common Stock",Q,N,1362004,"ICF International, Inc.",True,Matched: 'rna'
ICU,SeaStar Medical Holding Corporation - Common Stock,S,D,1831868,SeaStar Medical Holding Corp,True,Matched: 'medica'
ICUCW,SeaStar Medical Holding Corporation - Warrant,S,N,1831868,SeaStar Medical Holding Corp,True,Matched: 'medica'
ICUI,"ICU Medical, Inc. - Common Stock",Q,N,883984,ICU MEDICAL INC/DE,True,Matched: 'medica'
IDYA,"IDEAYA Biosciences, Inc. - Common Stock",Q,N,1676725,"IDEAYA Biosciences, Inc.",True,Matched: 'Bio-' prefix
IKT,"Inhibikase Therapeutics, Inc. - Common Stock",S,N,1750149,"Inhibikase Therapeutics, Inc.",True,Matched: 'therapeutics'
IMA,"ImageneBio, Inc. - Common Stock",S,N,1835579,"ImageneBio, Inc.",True,Matched: '-bio' suffix
IMCR,Immunocore Holdings plc - American Depositary Shares,Q,N,1671927,Immunocore Holdings plc,True,Matched: 'immuno'
IMMX,"Immix Biopharma, Inc. - Common Stock",S,N,1873835,"Immix Biopharma, Inc.",True,Matched: 'Bio-' prefix
IMNM,"Immunome, Inc. - Common Stock",S,N,1472012,Immunome Inc.,True,Matched: 'immuno'
IMVT,"Immunovant, Inc.  - Common Stock",Q,N,1764013,"Immunovant, Inc.",True,Known biopharma (allowlist)
IMXI,"International Money Express, Inc. - Common Stock",S,N,1683695,"International Money Express, Inc.",True,Matched: 'rna'
INAB,"IN8bio, Inc. - Common Stock",S,N,1740279,"IN8BIO, INC.",True,Matched: '-bio' suffix
INBS,Intelligent Bio Solutions Inc.  - Common Stock,S,N,1725430,INTELLIGENT BIO SOLUTIONS INC.,True,Matched: '-bio' suffix
INBX,"Inhibrx Biosciences, Inc. - Common Stock",Q,N,2007919,"Inhibrx Biosciences, Inc.",True,Matched: 'Bio-' prefix
INCY,Incyte Corporation - Common Stock,Q,N,879169,INCYTE CORP,True,Known biopharma (allowlist)
INDP,"Indaptus Therapeutics, Inc. - Common Stock",S,N,1857044,"Indaptus Therapeutics, Inc.",True,Matched: 'therapeutics'
INKT,"MiNK Therapeutics, Inc. - Common Stock",S,N,1840229,"MiNK Therapeutics, Inc.",True,Matched: 'therapeutics'
INM,InMed Pharmaceuticals Inc. - Common Shares,S,N,1728328,InMed Pharmaceuticals Inc.,True,Matched: 'pharma'
INMB,INmune Bio Inc. - Common stock,S,N,1711754,"Inmune Bio, Inc.",True,Matched: '-bio' suffix
INO,"Inovio Pharmaceuticals, Inc. - Common Stock",S,N,1055726,"INOVIO PHARMACEUTICALS, INC.",True,Matched: 'pharma'
INTS,"Intensity Therapeutics, Inc. - Common Stock",S,D,1567264,"INTENSITY THERAPEUTICS, INC.",True,Matched: 'therapeutics'
IOBT,"IO Biotech, Inc. - Common Stock",Q,N,1865494,"IO Biotech, Inc.",True,Matched: 'Bio-' prefix
IONS,"Ionis Pharmaceuticals, Inc. - Common Stock",Q,N,874015,IONIS PHARMACEUTICALS INC,True,Matched: 'pharma'
IOVA,"Iovance Biotherapeutics, Inc. - Common Stock",G,N,1425205,"IOVANCE BIOTHERAPEUTICS, INC.",True,Matched: 'Bio-' prefix
IPHA,Innate Pharma S.A. - American Depositary Shares,Q,N,1598599,Innate Pharma SA,True,Matched: 'pharma'
IPSC,"Century Therapeutics, Inc. - Common Stock",S,D,1850119,"Century Therapeutics, Inc.",True,Matched: 'therapeutics'
IRD,"Opus Genetics, Inc. - Common Stock",S,N,1228627,"Opus Genetics, Inc.",True,Matched: 'genetics'
IRWD,"Ironwood Pharmaceuticals, Inc. - Class A Common Stock",Q,N,1446847,IRONWOOD PHARMACEUTICALS INC,True,Matched: 'pharma'
ITRM,Iterum Therapeutics plc - Ordinary Share,S,D,1659323,Iterum Therapeutics plc,True,Matched: 'therapeutics'
JANX,"Janux Therapeutics, Inc. - Common Stock",G,N,1817713,"Janux Therapeutics, Inc.",True,Matched: 'therapeutics'
JAZZ,Jazz Pharmaceuticals plc - Ordinary Shares,Q,N,1232524,Jazz Pharmaceuticals plc,True,Matched: 'pharma'
JBIO,"Jade Biosciences, Inc. - Common Stock",S,N,1798749,"Jade Biosciences, Inc.",True,Matched: 'Bio-' prefix
JSPR,"Jasper Therapeutics, Inc. - Class A Common Stock",S,N,1788028,"Jasper Therapeutics, Inc.",True,Matched: 'therapeutics'
JSPRW,"Jasper Therapeutics, Inc. - Warrant",S,N,1788028,"Jasper Therapeutics, Inc.",True,Matched: 'therapeutics'
JUNS,"Jupiter Neurosciences, Inc. - Common Stock",S,N,1679628,"JUPITER NEUROSCIENCES, INC.",True,Matched: 'neuroscience'
KALA,"KALA BIO, Inc. - Common Stock",S,D,1479419,"KALA BIO, Inc.",True,Matched: '-bio' suffix
KALV,"KalVista Pharmaceuticals, Inc. - Common Stock",G,N,1348911,"KalVista Pharmaceuticals, Inc.",True,Matched: 'pharma'
KLRS,"Kalaris Therapeutics, Inc.  - Common Stock",G,N,1754068,"Kalaris Therapeutics, Inc.",True,Matched: 'therapeutics'
KLTO,"Klotho Neurosciences, Inc. - Common Stock",S,D,1907223,"Klotho Neurosciences, Inc.",True,Matched: 'neuroscience'
KLTOW,"Klotho Neurosciences, Inc. - Warrants",S,N,1907223,"Klotho Neurosciences, Inc.",True,Matched: 'neuroscience'
KMTS,"Kestra Medical Technologies, Ltd. - Common Stock",Q,N,1877184,"KESTRA MEDICAL TECHNOLOGIES, LTD.",True,Matched: 'medica'
KNSA,"Kiniksa Pharmaceuticals, Ltd. - Class A Ordinary Shares",Q,N,1730430,"Kiniksa Pharmaceuticals International, plc",True,Matched: 'pharma'
KPRX,"Kiora Pharmaceuticals, Inc.  - Common Stock",S,N,1372514,KIORA PHARMACEUTICALS INC,True,Matched: 'pharma'
KPTI,Karyopharm Therapeutics Inc. - Common Stock,Q,N,1503802,Karyopharm Therapeutics Inc.,True,Matched: 'therapeutics'
KRMD,"KORU Medical Systems, Inc. - Common Stock",S,N,704440,"KORU Medical Systems, Inc.",True,Matched: 'medica'
KROS,"Keros Therapeutics, Inc. - common stock",G,N,1664710,"Keros Therapeutics, Inc.",True,Matched: 'therapeutics'
KRRO,"Korro Bio, Inc. - Common Stock",S,N,1703647,"Korro Bio, Inc.",True,Matched: '-bio' suffix
KRYS,"Krystal Biotech, Inc. - Common Stock",Q,N,1711279,"Krystal Biotech, Inc.",True,Matched: 'Bio-' prefix
KTTA,Pasithea Therapeutics Corp. - Common Stock,S,D,1841330,Pasithea Therapeutics Corp.,True,Matched: 'therapeutics'
KTTAW,Pasithea Therapeutics Corp. - Warrant,S,N,1841330,Pasithea Therapeutics Corp.,True,Matched: 'therapeutics'
KURA,"Kura Oncology, Inc. - Common Stock",Q,N,1422143,"Kura Oncology, Inc.",True,Matched: 'oncology'
KYMR,"Kymera Therapeutics, Inc. - Common Stock",G,N,1815442,"Kymera Therapeutics, Inc.",True,Matched: 'therapeutics'
KYTX,"Kyverna Therapeutics, Inc. - Common Stock",Q,N,1994702,"Kyverna Therapeutics, Inc.",True,Matched: 'therapeutics'
KZIA,Kazia Therapeutics Limited - American Depositary Shares,S,D,1075880,KAZIA THERAPEUTICS LTD,True,Matched: 'therapeutics'
LAB,Standard BioTools Inc. - Common Stock,Q,N,1162194,STANDARD BIOTOOLS INC.,True,Matched: 'Bio-' prefix
LBGJ,Li Bang International Corporation Inc. - Class A Ordinary Shares,S,D,1896425,Li Bang International Corp Inc.,True,Matched: 'rna'
LBRX,LB Pharmaceuticals Inc - Common Stock,G,N,1691082,LB PHARMACEUTICALS INC,True,Matched: 'pharma'
LEGN,Legend Biotech Corporation - American Depositary Shares,Q,N,1801198,Legend Biotech Corp,True,Matched: 'Bio-' prefix
LENZ,"LENZ Therapeutics, Inc. - Common Stock",Q,N,1815776,"LENZ Therapeutics, Inc.",True,Matched: 'therapeutics'
LEXX,Lexaria Bioscience Corp. - Common Stock,S,N,1348362,Lexaria Bioscience Corp.,True,Matched: 'Bio-' prefix
LEXXW,Lexaria Bioscience Corp. - Warrant,S,N,1348362,Lexaria Bioscience Corp.,True,Matched: 'Bio-' prefix
LFCR,"Lifecore Biomedical, Inc. - Common Stock",Q,N,1005286,"LIFECORE BIOMEDICAL, INC. DE",True,Matched: 'Bio-' prefix
LGND,Ligand Pharmaceuticals Incorporated - Common Stock,G,N,886163,LIGAND PHARMACEUTICALS INC,True,Matched: 'pharma'
LHSW,Lianhe Sowell International Group Ltd - Class A Ordinary Shares,S,N,2004024,Lianhe Sowell International Group Ltd,True,Matched: 'rna'
LICN,Lichen International Limited - Class A Ordinary Shares,S,N,1876766,Lichen International Ltd,True,Matched: 'rna'
LIMN,"Liminatus Pharma, Inc. - Class A Common Stock",G,N,1971387,"Liminatus Pharma, Inc.",True,Matched: 'pharma'
LIMNW,"Liminatus Pharma, Inc. - Warrants",S,N,1971387,"Liminatus Pharma, Inc.",True,Matched: 'pharma'
LIQT,"LiqTech International, Inc. - Common Stock",S,N,1307579,LIQTECH INTERNATIONAL INC,True,Matched: 'rna'
LIXT,"Lixte Biotechnology Holdings, Inc. - Common Stock",S,N,1335105,"LIXTE BIOTECHNOLOGY HOLDINGS, INC.",True,Matched: 'Bio-' prefix
LIXTW,"Lixte Biotechnology Holdings, Inc. - Warrants",S,N,1335105,"LIXTE BIOTECHNOLOGY HOLDINGS, INC.",True,Matched: 'Bio-' prefix
LNAI,Lunai Bioworks Inc. - Common Stock,S,D,1527728,Lunai Bioworks Inc.,True,Matched: 'Bio-' prefix
LOGI,Logitech International S.A. - Registered Shares,Q,N,1032975,LOGITECH INTERNATIONAL S.A.,True,Matched: 'rna'
LRMR,"Larimar Therapeutics, Inc. - Common Stock",G,N,1374690,"Larimar Therapeutics, Inc.",True,Matched: 'therapeutics'
LSTA,"Lisata Therapeutics, Inc. - Common Stock",S,N,320017,"LISATA THERAPEUTICS, INC.",True,Matched: 'therapeutics'
LTRN,Lantern Pharma Inc. - Common Stock,S,N,1763950,Lantern Pharma Inc.,True,Matched: 'pharma'
LXEO,"Lexeo Therapeutics, Inc. - Common Stock",G,N,1907108,"Lexeo Therapeutics, Inc.",True,Matched: 'therapeutics'
LXRX,"Lexicon Pharmaceuticals, Inc. - Common Stock",S,N,1062822,"LEXICON PHARMACEUTICALS, INC.",True,Matched: 'pharma'
LYEL,"Lyell Immunopharma, Inc. - Common Stock",Q,N,1806952,"Lyell Immunopharma, Inc.",True,Matched: 'pharma'
LYRA,"Lyra Therapeutics, Inc. - Common Stock",S,D,1327273,"Lyra Therapeutics, Inc.",True,Matched: 'therapeutics'
MAGH,Magnitude International Ltd - Ordinary Shares,S,N,2046117,Magnitude International Ltd,True,Matched: 'rna'
MAR,Marriott International - Class A Common Stock,Q,N,1048286,MARRIOTT INTERNATIONAL INC /MD/,True,Matched: 'rna'
MATW,Matthews International Corporation - Class A Common Stock,Q,N,63296,MATTHEWS INTERNATIONAL CORP,True,Matched: 'rna'
MAZE,"Maze Therapeutics, Inc. - Common Stock",G,N,1842295,"Maze Therapeutics, Inc.",True,Matched: 'therapeutics'
MBIO,"Mustang Bio, Inc. - Common Stock",S,N,1680048,"MUSTANG BIO, INC.",True,Matched: '-bio' suffix
MBOT,Microbot Medical Inc.  - Common Stock,S,N,883975,Microbot Medical Inc.,True,Matched: 'medica'
MBRX,"Moleculin Biotech, Inc. - Common Stock",S,D,1659617,"Moleculin Biotech, Inc.",True,Matched: 'Bio-' prefix
MBX,"MBX Biosciences, Inc. - Common Stock",Q,N,1776111,"MBX Biosciences, Inc.",True,Matched: 'Bio-' prefix
MCRB,"Seres Therapeutics, Inc. - Common Stock",Q,N,1609809,"Seres Therapeutics, Inc.",True,Matched: 'therapeutics'
MCTA,Charming Medical Limited - Class A Ordinary Shares,S,N,2035992,Charming Medical Ltd,True,Matched: 'medica'
MDCX,Medicus Pharma Ltd. - Common Stock,S,N,1997296,Medicus Pharma Ltd.,True,Matched: 'pharma'
MDCXW,Medicus Pharma Ltd. - Warrant,S,N,1997296,Medicus Pharma Ltd.,True,Matched: 'pharma'
MDGL,"Madrigal Pharmaceuticals, Inc. - Common Stock",Q,N,1157601,"MADRIGAL PHARMACEUTICALS, INC.",True,Matched: 'pharma'
MDLZ,"Mondelez International, Inc. - Class A Common Stock",Q,N,1103982,"Mondelez International, Inc.",True,Matched: 'rna'
MENS,Jyong Biotech Ltd. - Ordinary shares,G,N,1954488,Jyong Biotech Ltd.,True,Matched: 'Bio-' prefix
MERC,Mercer International Inc. - Common Stock,Q,N,1333274,MERCER INTERNATIONAL INC.,True,Matched: 'rna'
MFI,mF International Limited - Class A Ordinary Shares,S,N,1940941,mF International Ltd,True,Matched: 'rna'
MGIH,Millennium Group International Holdings Limited - Ordinary Shares,S,N,1903995,Millennium Group International Holdings Ltd,True,Matched: 'rna'
MHUA,"Meihua International Medical Technologies Co., Ltd. - Class A Ordinary Shares",S,D,1835615,"Meihua International Medical Technologies Co., Ltd.",True,Matched: 'rna'
MIRA,"MIRA Pharmaceuticals, Inc. - Common Stock",S,N,1904286,"MIRA PHARMACEUTICALS, INC.",True,Matched: 'pharma'
MIRM,"Mirum Pharmaceuticals, Inc. - common stock",G,N,1759425,"Mirum Pharmaceuticals, Inc.",True,Matched: 'pharma'
MIST,Milestone Pharmaceuticals Inc. - Common Shares,Q,N,1408443,Milestone Pharmaceuticals Inc.,True,Matched: 'pharma'
MLTX,MoonLake Immunotherapeutics - Class A Ordinary Shares,S,N,1821586,MoonLake Immunotherapeutics,True,Matched: 'therapeutics'
MLYS,"Mineralys Therapeutics, Inc. - Common Stock",Q,N,1933414,"Mineralys Therapeutics, Inc.",True,Matched: 'therapeutics'
MMSI,"Merit Medical Systems, Inc. - Common Stock",Q,N,856982,MERIT MEDICAL SYSTEMS INC,True,Matched: 'medica'
MNKD,MannKind Corporation - Common Stock,G,N,899460,MANNKIND CORP,True,Known biopharma (allowlist)
MNPR,Monopar Therapeutics Inc. - Common Stock,S,N,1645469,Monopar Therapeutics,True,Matched: 'therapeutics'
MODD,"Modular Medical, Inc. - common stock",S,D,1074871,"Modular Medical, Inc.",True,Matched: 'medica'
MPLT,"MapLight Therapeutics, Inc. - Common Stock",Q,N,1770069,"MapLight Therapeutics, Inc.",True,Matched: 'therapeutics'
MREO,Mereo BioPharma Group plc - American Depositary Shares,S,N,1719714,Mereo BioPharma Group plc,True,Matched: 'Bio-' prefix
MRKR,"Marker Therapeutics, Inc. - Common Stock",S,N,1094038,"Marker Therapeutics, Inc.",True,Matched: 'therapeutics'
MRNA,"Moderna, Inc. - Common Stock",Q,N,1682852,"Moderna, Inc.",True,Matched: 'rna'
MRSN,"Mersana Therapeutics, Inc. - Common Stock",Q,D,1442836,"Mersana Therapeutics, Inc.",True,Matched: 'therapeutics'
MRUS,Merus N.V. - Common Shares,G,N,1651311,Merus N.V.,True,Known biopharma (allowlist)
MTEN,Mingteng International Corporation Inc. - Class A Ordinary Shares,S,N,1948099,Mingteng International Corp Inc.,True,Matched: 'rna'
MURA,Mural Oncology plc - Ordinary Shares,G,N,1971543,Mural Oncology plc,True,Matched: 'oncology'
MYGN,"Myriad Genetics, Inc. - Common Stock",Q,N,899923,MYRIAD GENETICS INC,True,Matched: 'genetics'
MYNZ,Mainz Biomed N.V. - Ordinary Shares,S,N,1874252,MAINZ BIOMED N.V.,True,Matched: 'Bio-' prefix
NAGE,"Niagen Bioscience, Inc. - Common Stock",S,N,1386570,"Niagen Bioscience, Inc.",True,Matched: 'Bio-' prefix
NAII,"Natural Alternatives International, Inc. - Common Stock",G,N,787253,NATURAL ALTERNATIVES INTERNATIONAL INC,True,Matched: 'rna'
NAMS,NewAmsterdam Pharma Company N.V. - Ordinary Shares,G,N,1936258,NewAmsterdam Pharma Co N.V.,True,Matched: 'pharma'
NAMSW,NewAmsterdam Pharma Company N.V. - Warrant,G,N,1936258,NewAmsterdam Pharma Co N.V.,True,Matched: 'pharma'
NAOV,"NanoVibronix, Inc. - Common Stock",S,N,1326706,"NanoVibronix, Inc.",True,Matched: 'Nano-' prefix
NAUT,"Nautilus Biotechnology, Inc. - Common Stock",S,N,1808805,"Nautilus Biotechnology, Inc.",True,Matched: 'Bio-' prefix
NBIX,"Neurocrine Biosciences, Inc. - Common Stock",Q,N,914475,NEUROCRINE BIOSCIENCES INC,True,Matched: 'Bio-' prefix
NBP,NovaBridge Biosciences - American Depositary Shares,G,N,1778016,NovaBridge Biosciences,True,Matched: 'Bio-' prefix
NBTX,Nanobiotix S.A. - ADSs,Q,N,1760854,Nanobiotix S.A.,True,Matched: 'Nano-' prefix
NCI,Neo-Concept International Group Holdings Limited - Class A Ordinary Shares,S,N,1916331,Neo-Concept International Group Holdings Ltd,True,Matched: 'rna'
NEO,"NeoGenomics, Inc. - Common Stock",S,N,1077183,NEOGENOMICS INC,True,Matched: 'genomics'
NERV,"Minerva Neurosciences, Inc - Common Stock",S,N,1598646,"Minerva Neurosciences, Inc.",True,Matched: 'neuroscience'
NEUP,Neuphoria Therapeutics Inc. - Common Stock,G,D,1191070,Neuphoria Therapeutics Inc.,True,Matched: 'therapeutics'
NEXN,Nexxen International Ltd. - Ordinary Shares,G,N,1849396,Nexxen International Ltd.,True,Matched: 'rna'
NGNE,Neurogene Inc. - Common Stock,G,N,1404644,Neurogene Inc.,True,Matched: 'neuro'
NKTR,Nektar Therapeutics - Common Stock,S,N,906709,NEKTAR THERAPEUTICS,True,Matched: 'therapeutics'
NMRA,"Neumora Therapeutics, Inc. - Common Stock",Q,N,1885522,"Neumora Therapeutics, Inc.",True,Matched: 'therapeutics'
NMTC,NeuroOne Medical Technologies Corporation - Common Stock,S,D,1500198,NEUROONE MEDICAL TECHNOLOGIES Corp,True,Matched: 'neuro'
NNNN,Anbio Biotechnology - Class A Ordinary Shares,G,N,1982708,Anbio Biotechnology,True,Matched: 'Bio-' prefix
NPCE,"Neuropace, Inc. - Common Stock",G,N,1528287,NeuroPace Inc,True,Matched: 'neuro'
NRIX,"Nurix Therapeutics, Inc. - Common stock",G,N,1549595,"Nurix Therapeutics, Inc.",True,Matched: 'therapeutics'
NRSN,NeuroSense Therapeutics Ltd. - Ordinary Shares,S,N,1875091,NeuroSense Therapeutics Ltd.,True,Matched: 'therapeutics'
NRSNW,NeuroSense Therapeutics Ltd. - Warrant,S,N,1875091,NeuroSense Therapeutics Ltd.,True,Matched: 'therapeutics'
NRXP,"NRX Pharmaceuticals, Inc. - Common Stock",S,N,1719406,"NRX Pharmaceuticals, Inc.",True,Matched: 'pharma'
NRXPW,"NRX Pharmaceuticals, Inc. - Warrant",S,N,1719406,"NRX Pharmaceuticals, Inc.",True,Matched: 'pharma'
NTIC,Northern Technologies International Corporation - Common Stock,G,N,875582,NORTHERN TECHNOLOGIES INTERNATIONAL CORP,True,Matched: 'rna'
NTLA,"Intellia Therapeutics, Inc. - Common Stock",G,N,1652130,"Intellia Therapeutics, Inc.",True,Matched: 'therapeutics'
NVCT,"Nuvectis Pharma, Inc. - Common Stock",S,N,1875558,"Nuvectis Pharma, Inc.",True,Matched: 'pharma'
NVNO,enVVeno Medical Corporation - Common Stock,S,D,1661053,enVVeno Medical Corp,True,Matched: 'medica'
OBIO,"Orchestra BioMed Holdings, Inc. - Ordinary Shares",G,N,1814114,"Orchestra BioMed Holdings, Inc.",True,Matched: 'Bio-' prefix
OCUL,"Ocular Therapeutix, Inc. - Common Stock",G,N,1393434,"OCULAR THERAPEUTIX, INC",True,Matched: ' thera'
OKUR,"OnKure Therapeutics, Inc. - Class A Common Stock",G,N,1637715,"OnKure Therapeutics, Inc.",True,Matched: 'therapeutics'
OKYO,OKYO Pharma Limited - Ordinary Shares,S,N,1849296,OKYO Pharma Ltd,True,Matched: 'pharma'
OLMA,"Olema Pharmaceuticals, Inc. - Common Stock",Q,N,1750284,"Olema Pharmaceuticals, Inc.",True,Matched: 'pharma'
OM,"Outset Medical, Inc. - Common Stock",Q,N,1484612,"Outset Medical, Inc.",True,Matched: 'medica'
ONC,BeOne Medicines Ltd. - American Depositary Shares,Q,N,1651308,BeOne Medicines Ltd.,True,Matched: 'medicines'
ONCY,Oncolytics Biotech Inc. - Common Shares,S,N,1129928,ONCOLYTICS BIOTECH INC,True,Matched: 'Bio-' prefix
ORIC,"Oric Pharmaceuticals, Inc. - Common Stock",Q,N,1796280,"Oric Pharmaceuticals, Inc.",True,Matched: 'pharma'
ORKA,"Oruka Therapeutics, Inc. - Common Stock",G,N,907654,"Oruka Therapeutics, Inc.",True,Matched: 'therapeutics'
ORMP,Oramed Pharmaceuticals Inc. - Common Stock,S,N,1176309,ORAMED PHARMACEUTICALS INC.,True,Matched: 'pharma'
OTLK,"Outlook Therapeutics, Inc. - Common Stock",S,N,1649989,"Outlook Therapeutics, Inc.",True,Matched: 'therapeutics'
OVID,Ovid Therapeutics Inc. - Common Stock,S,N,1636651,Ovid Therapeutics Inc.,True,Matched: 'therapeutics'
PACB,"Pacific Biosciences of California, Inc. - Common Stock",Q,N,1299130,"PACIFIC BIOSCIENCES OF CALIFORNIA, INC.",True,Matched: 'Bio-' prefix
PALI,"Palisade Bio, Inc. - Common Stock",S,N,1357459,"PALISADE BIO, INC.",True,Matched: '-bio' suffix
PASG,"Passage Bio, Inc. - Common Stock",S,N,1787297,"Passage BIO, Inc.",True,Matched: '-bio' suffix
PASW,"Ping An Biomedical Co., Ltd. - Ordinary Shares",S,N,1897532,"Ping An Biomedical Co., Ltd.",True,Matched: 'Bio-' prefix
PBM,Psyence Biomedical Ltd. - Ordinary Shares,S,N,1985062,PSYENCE BIOMEDICAL LTD.,True,Matched: 'Bio-' prefix
PBMWW,Psyence Biomedical Ltd. - Warrant,S,N,1985062,PSYENCE BIOMEDICAL LTD.,True,Matched: 'Bio-' prefix
PBYI,Puma Biotechnology Inc - Common Stock,Q,N,1401667,"PUMA BIOTECHNOLOGY, INC.",True,Matched: 'Bio-' prefix
PCRX,"Pacira BioSciences, Inc. - Common Stock",Q,N,1396814,"Pacira BioSciences, Inc.",True,Matched: 'Bio-' prefix
PCSA,"Processa Pharmaceuticals, Inc. - Common Stock",S,D,1533743,"Processa Pharmaceuticals, Inc.",True,Matched: 'pharma'
PCVX,"Vaxcyte, Inc. - Common Stock",Q,N,1649094,"Vaxcyte, Inc.",True,Known biopharma (allowlist)
PDSB,PDS Biotechnology Corporation - Common Stock,S,N,1472091,PDS Biotechnology Corp,True,Matched: 'Bio-' prefix
PHAR,"Pharming Group N.V. - ADS, each representing 10 ordinary shares",G,N,1828316,Pharming Group N.V.,True,Matched: 'pharming'
PHAT,"Phathom Pharmaceuticals, Inc. - Common Stock",Q,N,1783183,"Phathom Pharmaceuticals, Inc.",True,Matched: 'pharma'
PHIO,Phio Pharmaceuticals Corp. - Common Stock,S,N,1533040,Phio Pharmaceuticals Corp.,True,Matched: 'pharma'
PLRX,"Pliant Therapeutics, Inc. - Common Stock",Q,N,1746473,"PLIANT THERAPEUTICS, INC.",True,Matched: 'therapeutics'
PLSE,"Pulse Biosciences, Inc - Common Stock",S,N,1625101,"PULSE BIOSCIENCES, INC.",True,Matched: 'Bio-' prefix
PMCB,"PharmaCyte  Biotech, Inc. - Common Stock",S,N,1157075,"PharmaCyte Biotech, Inc.",True,Matched: 'Bio-' prefix
PMN,ProMIS Neurosciences Inc. - Common Shares,S,D,1374339,ProMIS Neurosciences Inc.,True,Matched: 'neuroscience'
PMVP,"PMV Pharmaceuticals, Inc. - Common Stock",Q,N,1699382,"PMV Pharmaceuticals, Inc.",True,Matched: 'pharma'
POAI,Predictive Oncology Inc. - Common Stock,S,D,1446159,Predictive Oncology Inc.,True,Matched: 'oncology'
PPBT,Purple Biotech Ltd. - American Depositary Shares,S,D,1614744,PURPLE BIOTECH LTD.,True,Matched: 'Bio-' prefix
PPCB,"Propanc Biopharma, Inc. - Common Stock",S,N,1517681,"Propanc Biopharma, Inc.",True,Matched: 'Bio-' prefix
PPIH,"Perma-Pipe International Holdings, Inc. - Common Stock",G,N,914122,"Perma-Pipe International Holdings, Inc.",True,Matched: 'rna'
PRAX,"Praxis Precision Medicines, Inc. - Common Stock",Q,N,1689548,"Praxis Precision Medicines, Inc.",True,Matched: 'medicines'
PRCT,PROCEPT BioRobotics Corporation - Common Stock,G,N,1588978,PROCEPT BioRobotics Corp,True,Matched: 'Bio-' prefix
PRLD,Prelude Therapeutics Incorporated - Common Stock,Q,N,1678660,Prelude Therapeutics Inc,True,Matched: 'therapeutics'
PROF,Profound Medical Corp. - common stock,S,N,1628808,Profound Medical Corp.,True,Matched: 'medica'
PRPH,"ProPhase Labs, Inc. - Common Stock",S,D,868278,"ProPhase Labs, Inc.",True,Known biopharma (allowlist)
PRQR,ProQR Therapeutics N.V. - Ordinary Shares,S,N,1612940,ProQR Therapeutics N.V.,True,Matched: 'therapeutics'
PRTA,Prothena Corporation plc - Ordinary Shares,Q,N,1559053,PROTHENA CORP PUBLIC LTD CO,True,Known biopharma (allowlist)
PSIG,PS International Group Ltd. - Ordinary Shares,S,N,1997201,PS International Group Ltd.,True,Matched: 'rna'
PSIX,"Power Solutions International, Inc. - Common Stock",S,N,1137091,"POWER SOLUTIONS INTERNATIONAL, INC.",True,Matched: 'rna'
PSTV,"PLUS THERAPEUTICS, Inc. - Common Stock",S,D,1095981,"PLUS THERAPEUTICS, INC.",True,Matched: 'therapeutics'
PTCT,"PTC Therapeutics, Inc. - Common Stock",Q,N,1070081,"PTC THERAPEUTICS, INC.",True,Matched: 'therapeutics'
PTGX,"Protagonist Therapeutics, Inc. - Common Stock",G,N,1377121,"Protagonist Therapeutics, Inc",True,Matched: 'therapeutics'
PTIX,"Protagenic Therapeutics, Inc. - Common Stock",S,N,1022899,"Protagenic Therapeutics, Inc.\new",True,Matched: 'therapeutics'
PTIXW,"Protagenic Therapeutics, Inc. - Warrant",S,N,1022899,"Protagenic Therapeutics, Inc.\new",True,Matched: 'therapeutics'
PVLA,"Palvella Therapeutics, Inc. - Common Stock",S,N,1583648,"PALVELLA THERAPEUTICS, INC.",True,Matched: 'therapeutics'
PYXS,"Pyxis Oncology, Inc. - Common Stock",Q,N,1782223,"Pyxis Oncology, Inc.",True,Matched: 'oncology'
PZZA,"Papa John's International, Inc. - Common Stock",Q,N,901491,PAPA JOHNS INTERNATIONAL INC,True,Matched: 'rna'
QIPT,Quipt Home Medical Corp. - Common Shares,S,N,1540013,Quipt Home Medical Corp.,True,Matched: 'medica'
QNCX,"Quince Therapeutics, Inc. - Common Stock",Q,N,1662774,"Quince Therapeutics, Inc.",True,Matched: 'therapeutics'
QNRX,"Quoin Pharmaceuticals, Ltd. - American Depositary Shares",S,N,1671502,"Quoin Pharmaceuticals, Ltd.",True,Matched: 'pharma'
QNTM,Quantum Biopharma Ltd. - Class B Subordinate Voting Shares,S,N,1771885,Quantum Biopharma Ltd.,True,Matched: 'Bio-' prefix
QTTB,Q32 Bio Inc. - Common Stock,S,N,1661998,Q32 Bio Inc.,True,Matched: '-bio' suffix
RADX,Radiopharm Theranostics Limited - American Depositary Shares,S,N,1949257,Radiopharm Theranostics Ltd,True,Matched: ' thera'
RANI,"Rani Therapeutics Holdings, Inc. - Class A Common Stock",G,N,1856725,"Rani Therapeutics Holdings, Inc.",True,Matched: 'therapeutics'
RAPP,"Rapport Therapeutics, Inc. - Common Stock",G,N,2012593,"Rapport Therapeutics, Inc.",True,Matched: 'therapeutics'
RAPT,"RAPT Therapeutics, Inc. - Common Stock",G,N,1673772,"RAPT Therapeutics, Inc.",True,Matched: 'therapeutics'
RARE,Ultragenyx Pharmaceutical Inc. - Common Stock,Q,N,1515673,Ultragenyx Pharmaceutical Inc.,True,Known biopharma (allowlist)
RCEL,"Avita Medical, Inc. - Common Stock",S,N,1762303,"AVITA Medical, Inc.",True,Matched: 'medica'
RCKT,"Rocket Pharmaceuticals, Inc. - Common Stock",G,N,1281895,"ROCKET PHARMACEUTICALS, INC.",True,Matched: 'pharma'
RCKTW,"Rocket Pharmaceuticals, Inc. - Warrant",S,N,1281895,"ROCKET PHARMACEUTICALS, INC.",True,Matched: 'pharma'
RDHL,Redhill Biopharma Ltd. - American Depositary Shares,S,D,1553846,RedHill Biopharma Ltd.,True,Matched: 'Bio-' prefix
RDI,Reading International Inc - Class A Non-voting Common Stock,S,N,716634,READING INTERNATIONAL INC,True,Matched: 'rna'
RDIB,Reading International Inc - Class B Voting Common Stock,S,N,716634,READING INTERNATIONAL INC,True,Matched: 'rna'
REGN,"Regeneron Pharmaceuticals, Inc. - Common Stock",Q,N,872589,"REGENERON PHARMACEUTICALS, INC.",True,Matched: 'pharma'
REVB,"Revelation Biosciences, Inc. - Common Stock",S,N,1810560,"REVELATION BIOSCIENCES, INC.",True,Matched: 'Bio-' prefix
REVBW,"Revelation Biosciences, Inc. - Warrant",S,N,1810560,"REVELATION BIOSCIENCES, INC.",True,Matched: 'Bio-' prefix
RGC,Regencell Bioscience Holdings Limited - Ordinary Shares,S,N,1829667,Regencell Bioscience Holdings Ltd,True,Matched: 'Bio-' prefix
RGNX,REGENXBIO Inc. - Common Stock,Q,N,1590877,REGENXBIO Inc.,True,Matched: '-bio' suffix
RIGL,"Rigel Pharmaceuticals, Inc. - Common Stock",Q,N,1034842,RIGEL PHARMACEUTICALS INC,True,Matched: 'pharma'
RKDA,"Arcadia Biosciences, Inc. - Common Stock",S,N,1469443,"Arcadia Biosciences, Inc.",True,Matched: 'Bio-' prefix
RLAY,"Relay Therapeutics, Inc. - Common Stock",G,N,1812364,"Relay Therapeutics, Inc.",True,Matched: 'therapeutics'
RLMD,"Relmada Therapeutics, Inc. - Common Stock",S,N,1553643,"RELMADA THERAPEUTICS, INC.",True,Matched: 'therapeutics'
RLYB,Rallybio Corporation - Common Stock,S,D,1739410,Rallybio Corp,True,Matched: '-bio' suffix
RMTI,"Rockwell Medical, Inc. - Common Stock",S,N,1041024,"ROCKWELL MEDICAL, INC.",True,Matched: 'medica'
RNA,"Avidity Biosciences, Inc. - Common Stock",G,N,1599901,"Avidity Biosciences, Inc.",True,Matched: 'Bio-' prefix
RNAC,"Cartesian Therapeutics, Inc. - Common Stock",G,N,1453687,"Cartesian Therapeutics, Inc.",True,Matched: 'therapeutics'
RNAZ,"TransCode Therapeutics, Inc. - Common Stock",S,N,1829635,"Transcode Therapeutics, Inc.",True,Matched: 'therapeutics'
RNTX,"Rein Therapeutics, Inc. - Common Stock",S,N,1420565,"Rein Therapeutics, Inc.",True,Matched: 'therapeutics'
RPID,"Rapid Micro Biosystems, Inc. - Class A Common Stock",S,N,1380106,"RAPID MICRO BIOSYSTEMS, INC.",True,Matched: 'Bio-' prefix
RPRX,Royalty Pharma plc - Class A Ordinary Shares,Q,N,1802768,Royalty Pharma plc,True,Matched: 'pharma'
RPTX,Repare Therapeutics Inc. - Common Shares,Q,N,1808158,Repare Therapeutics Inc.,True,Matched: 'therapeutics'
RVMD,"Revolution Medicines, Inc. - Common Stock",Q,N,1628171,"Revolution Medicines, Inc.",True,Matched: 'medicines'
RVMDW,"Revolution Medicines, Inc. - Warrant",Q,N,1628171,"Revolution Medicines, Inc.",True,Matched: 'medicines'
RVPH,"Reviva Pharmaceuticals Holdings, Inc. - Common Stock",S,D,1742927,"REVIVA PHARMACEUTICALS HOLDINGS, INC.",True,Matched: 'pharma'
RVPHW,"Reviva Pharmaceuticals Holdings, Inc. - Warrants",S,N,1742927,"REVIVA PHARMACEUTICALS HOLDINGS, INC.",True,Matched: 'pharma'
RXRX,"Recursion Pharmaceuticals, Inc. - Class A Common Stock",Q,N,1601830,"RECURSION PHARMACEUTICALS, INC.",True,Matched: 'pharma'
RYTM,"Rhythm Pharmaceuticals, Inc. - Common Stock",G,N,1649904,"RHYTHM PHARMACEUTICALS, INC.",True,Matched: 'pharma'
SABS,"SAB Biotherapeutics, Inc. - Common Stock",S,N,1833214,"SAB Biotherapeutics, Inc.",True,Matched: 'Bio-' prefix
SABSW,"SAB Biotherapeutics, Inc. - Warrant",S,N,1833214,"SAB Biotherapeutics, Inc.",True,Matched: 'Bio-' prefix
SAIC,Science Applications International Corporation - Common Stock,Q,N,1571123,Science Applications International Corp,True,Matched: 'rna'
SANA,"Sana Biotechnology, Inc. - Common Stock",Q,N,1770121,"Sana Biotechnology, Inc.",True,Matched: 'Bio-' prefix
SBC,SBC Medical Group Holdings Incorporated - Common Stock,G,N,1930313,SBC Medical Group Holdings Inc,True,Matched: 'medica'
SBCWW,SBC Medical Group Holdings Incorporated - Warrants,S,N,1930313,SBC Medical Group Holdings Inc,True,Matched: 'medica'
SBFM,Sunshine Biopharma Inc. - Common stock,S,N,1402328,Sunshine Biopharma Inc.,True,Matched: 'Bio-' prefix
SBFMW,Sunshine Biopharma Inc. - Warrant,S,N,1402328,Sunshine Biopharma Inc.,True,Matched: 'Bio-' prefix
SCNI,Scinai Immunotherapeutics Ltd. - American Depositary Shares,S,N,1611747,Scinai Immunotherapeutics Ltd.,True,Matched: 'therapeutics'
SELX,Semilux International Ltd. - Ordinary Shares,S,D,1990950,Semilux International Ltd.,True,Matched: 'rna'
SEPN,"Septerna, Inc. - Common Stock",G,N,1984086,"Septerna, Inc.",True,Matched: 'rna'
SGMO,"Sangamo Therapeutics, Inc. - Common Stock",S,D,1001233,"SANGAMO THERAPEUTICS, INC",True,Matched: 'therapeutics'
SGMT,Sagimet Biosciences Inc. - Series A Common Stock,G,N,1400118,Sagimet Biosciences Inc.,True,Matched: 'Bio-' prefix
SHPH,"Shuttle Pharmaceuticals Holdings, Inc. - common stock",S,N,1757499,"Shuttle Pharmaceuticals Holdings, Inc.",True,Matched: 'pharma'
SILO,"Silo Pharma, Inc. - Common Stock",S,D,1514183,"Silo Pharma, Inc.",True,Matched: 'pharma'
SION,"Sionna Therapeutics, Inc. - Common Stock",G,N,2036042,"Sionna Therapeutics, Inc.",True,Matched: 'therapeutics'
SKYE,"Skye Bioscience, Inc. - Common Stock",G,N,1516551,"Skye Bioscience, Inc.",True,Matched: 'Bio-' prefix
SLDB,Solid Biosciences Inc. - Common Stock,Q,N,1707502,Solid Biosciences Inc.,True,Matched: 'Bio-' prefix
SLN,Silence Therapeutics Plc - American Depository Share,G,N,1479615,Silence Therapeutics plc,True,Matched: 'therapeutics'
SLNO,"Soleno Therapeutics, Inc. - Common Stock",S,N,1484565,SOLENO THERAPEUTICS INC,True,Matched: 'therapeutics'
SLRX,"Salarius Pharmaceuticals, Inc. - Common Stock",S,N,1615219,"Salarius Pharmaceuticals, Inc.",True,Matched: 'pharma'
SLXN,Silexion Therapeutics Corp - Ordinary Shares,S,D,2022416,Silexion Therapeutics Corp,True,Matched: 'therapeutics'
SLXNW,Silexion Therapeutics Corp - Warrant,S,N,2022416,Silexion Therapeutics Corp,True,Matched: 'therapeutics'
SMMT,Summit Therapeutics Inc.  - Common Stock,G,N,1599298,Summit Therapeutics Inc.,True,Matched: 'therapeutics'
SNDX,"Syndax Pharmaceuticals, Inc. - Common Stock",Q,N,1395937,Syndax Pharmaceuticals Inc,True,Matched: 'pharma'
SNOA,"Sonoma Pharmaceuticals, Inc. - Common Stock",S,N,1367083,"Sonoma Pharmaceuticals, Inc.",True,Matched: 'pharma'
SNSE,"Sensei Biotherapeutics, Inc. - Common Stock",S,N,1829802,"Sensei Biotherapeutics, Inc.",True,Matched: 'Bio-' prefix
SNTI,"Senti Biosciences, Inc.  - Common Stock",S,N,1854270,"Senti Biosciences, Inc.",True,Matched: 'Bio-' prefix
SONN,"Sonnet BioTherapeutics Holdings, Inc. - Common Stock",S,N,1106838,"Sonnet BioTherapeutics Holdings, Inc.",True,Matched: 'Bio-' prefix
SOPH,SOPHiA GENETICS SA - Ordinary Shares,Q,N,1840706,SOPHiA GENETICS SA,True,Matched: 'genetics'
SPNS,Sapiens International Corporation N.V. - Common Shares,Q,N,885740,SAPIENS INTERNATIONAL CORP N V,True,Matched: 'rna'
SPRB,"Spruce Biosciences, Inc. - Common Stock",S,N,1683553,"SPRUCE BIOSCIENCES, INC.",True,Matched: 'Bio-' prefix
SPRO,"Spero Therapeutics, Inc. - Common Stock",Q,N,1701108,"Spero Therapeutics, Inc.",True,Matched: 'therapeutics'
SPRY,"ARS Pharmaceuticals, Inc. - Common Stock",G,N,1671858,"ARS Pharmaceuticals, Inc.",True,Matched: 'pharma'
SRPT,"Sarepta Therapeutics, Inc. - Common Stock",Q,N,873303,"Sarepta Therapeutics, Inc.",True,Known biopharma (allowlist)
SRTA,"Strata Critical Medical, Inc. - Class A Common Stock",S,N,1779128,"Strata Critical Medical, Inc.",True,Matched: 'medica'
SRTAW,"Strata Critical Medical, Inc. - Warrants",S,N,1779128,"Strata Critical Medical, Inc.",True,Matched: 'medica'
SSII,SS Innovations International Inc. - Common Stock,S,N,1676163,"SS Innovations International, Inc.",True,Matched: 'rna'
STIM,"Neuronetics, Inc. - Common Stock",G,N,1227636,"Neuronetics, Inc.",True,Matched: 'neuro'
STOK,"Stoke Therapeutics, Inc. - Common Stock",Q,N,1623526,"Stoke Therapeutics, Inc.",True,Matched: 'therapeutics'
STRO,"Sutro Biopharma, Inc. - Common Stock",G,D,1382101,"SUTRO BIOPHARMA, INC.",True,Matched: 'Bio-' prefix
SUPN,"Supernus Pharmaceuticals, Inc. - Common Stock",G,N,1356576,"SUPERNUS PHARMACEUTICALS, INC.",True,Matched: 'pharma'
SVA,"Sinovac Biotech, Ltd. - Ordinary Shares (Antigua/Barbudo)",Q,E,1084201,SINOVAC BIOTECH LTD,True,Matched: 'Bio-' prefix
SXTC,"China SXT Pharmaceuticals, Inc. - Common Stock",S,N,1723980,"China SXT Pharmaceuticals, Inc.",True,Matched: 'pharma'
SXTP,"60 Degrees Pharmaceuticals, Inc. - Common Stock",S,N,1946563,"60 DEGREES PHARMACEUTICALS, INC.",True,Matched: 'pharma'
SXTPW,"60 Degrees Pharmaceuticals, Inc. - Warrant",S,N,1946563,"60 DEGREES PHARMACEUTICALS, INC.",True,Matched: 'pharma'
SY,So-Young International Inc. - American Depository Shares,S,N,1758530,So-Young International Inc.,True,Matched: 'rna'
SYRE,"Spyre Therapeutics, Inc. - Common Stock",Q,N,1636282,"Spyre Therapeutics, Inc.",True,Matched: 'therapeutics'
TARA,"Protara Therapeutics, Inc.  - Common Stock",G,N,1359931,"Protara Therapeutics, Inc.",True,Matched: 'therapeutics'
TARS,"Tarsus Pharmaceuticals, Inc. - Common Stock",Q,N,1819790,"Tarsus Pharmaceuticals, Inc.",True,Matched: 'pharma'
TBPH,"Theravance Biopharma, Inc. - Ordinary Shares",G,N,1583107,"Theravance Biopharma, Inc.",True,Matched: 'Bio-' prefix
TCRT,"Alaunos Therapeutics, Inc. - Common Stock",S,N,1107421,"Alaunos Therapeutics, Inc.",True,Matched: 'therapeutics'
TCRX,"TScan Therapeutics, Inc. - Common Stock",G,N,1783328,"TScan Therapeutics, Inc.",True,Matched: 'therapeutics'
TECH,Bio-Techne Corp - Common Stock,Q,N,842023,BIO-TECHNE Corp,True,Matched: '-bio' suffix
TECX,"Tectonic Therapeutic, Inc. - Common Stock",G,N,1681087,"Tectonic Therapeutic, Inc.",True,Matched: ' thera'
TELA,"TELA Bio, Inc. - Common stock",G,N,1561921,"TELA Bio, Inc.",True,Matched: '-bio' suffix
TELO,"Telomir Pharmaceuticals, Inc. - Common Stock",S,N,1971532,"Telomir Pharmaceuticals, Inc.",True,Matched: 'pharma'
TENX,"Tenax Therapeutics, Inc. - Common Stock",S,N,34956,"TENAX THERAPEUTICS, INC.",True,Matched: 'therapeutics'
TERN,"Terns Pharmaceuticals, Inc. - Common Stock",Q,N,1831363,"Terns Pharmaceuticals, Inc.",True,Matched: 'pharma'
TGTX,"TG Therapeutics, Inc. - Common Stock",S,N,1001316,"TG THERAPEUTICS, INC.",True,Matched: 'therapeutics'
THCH,TH International Limited - Ordinary shares,S,N,1877333,TH International Ltd,True,Matched: 'rna'
TIGO,Millicom International Cellular S.A. - Common Stock,Q,N,912958,MILLICOM INTERNATIONAL CELLULAR SA,True,Matched: 'rna'
TIL,"Instil Bio, Inc. - Common Stock",S,N,1789769,"Instil Bio, Inc.",True,Matched: '-bio' suffix
TLIH,Ten-League International Holdings Limited - Ordinary Shares,S,D,1982012,Ten-League International Holdings Ltd,True,Matched: 'rna'
TLX,Telix Pharmaceuticals Limited - American Depositary Shares,Q,N,2007191,Telix Pharmaceuticals Ltd,True,Matched: 'pharma'
TMCI,"Treace Medical Concepts, Inc. - Common Stock",Q,N,1630627,"TREACE MEDICAL CONCEPTS, INC.",True,Matched: 'medica'
TNGX,"Tango Therapeutics, Inc. - Common Stock",G,N,1819133,"Tango Therapeutics, Inc.",True,Matched: 'therapeutics'
TNMG,TNL Mediagene - Ordinary Shares,S,D,2013186,TNL Mediagene,True,Matched: 'gene '
TNON,"Tenon Medical, Inc. - Common Stock",S,N,1560293,"Tenon Medical, Inc.",True,Matched: 'medica'
TNONW,"Tenon Medical, Inc. - Warrant",S,N,1560293,"Tenon Medical, Inc.",True,Matched: 'medica'
TNXP,Tonix Pharmaceuticals Holding Corp. - Common Stock,S,N,1430306,Tonix Pharmaceuticals Holding Corp.,True,Matched: 'pharma'
TNYA,"Tenaya Therapeutics, Inc. - Common Stock",Q,N,1858848,"Tenaya Therapeutics, Inc.",True,Matched: 'therapeutics'
TOI,"The Oncology Institute, Inc. - Common Stock",S,N,1799191,"Oncology Institute, Inc.",True,Matched: 'oncology'
TOIIW,"The Oncology Institute, Inc. - Warrant",S,N,1799191,"Oncology Institute, Inc.",True,Matched: 'oncology'
TPST,"Tempest Therapeutics, Inc. - Common Stock",S,N,1544227,"Tempest Therapeutics, Inc.",True,Matched: 'therapeutics'
TRAW,"Traws Pharma, Inc. - Common Stock",S,N,1130598,"Traws Pharma, Inc.",True,Matched: 'pharma'
TRDA,"Entrada Therapeutics, Inc. - Common Stock",G,N,1689375,"Entrada Therapeutics, Inc.",True,Matched: 'therapeutics'
TRIB,Trinity Biotech plc - American Depositary Shares,Q,N,888721,TRINITY BIOTECH PLC,True,Matched: 'Bio-' prefix
TRVI,"Trevi Therapeutics, Inc. - Common Stock",G,N,1563880,"Trevi Therapeutics, Inc.",True,Matched: 'therapeutics'
TSHA,"Taysha Gene Therapies, Inc. - Common Stock",Q,N,1806310,"Taysha Gene Therapies, Inc.",True,Known biopharma (allowlist)
TTRX,Turn Therapeutics Inc. - Common Stock,G,N,2023016,Turn Therapeutics Inc.,True,Matched: 'therapeutics'
TVGN,Tevogen Bio Holdings Inc. - Common Stock,G,D,1860871,Tevogen Bio Holdings Inc.,True,Matched: '-bio' suffix
TVGNW,Tevogen Bio Holdings Inc. - Warrant,S,N,1860871,Tevogen Bio Holdings Inc.,True,Matched: '-bio' suffix
TVRD,"Tvardi Therapeutics, Inc. - Common Stock",S,N,1346830,"Tvardi Therapeutics, Inc.",True,Matched: 'therapeutics'
TVTX,"Travere Therapeutics, Inc. - Common Stock",G,N,1438533,"Travere Therapeutics, Inc.",True,Matched: 'therapeutics'
TWST,Twist Bioscience Corporation - Common Stock,Q,N,1581280,Twist Bioscience Corp,True,Matched: 'Bio-' prefix
TXG,"10x Genomics, Inc. - Common Stock",Q,N,1770787,"10x Genomics, Inc.",True,Matched: 'genomics'
TXMD,"TherapeuticsMD, Inc. - Common Stock",Q,N,25743,"TherapeuticsMD, Inc.",True,Matched: 'therapeutics'
TYRA,"Tyra Biosciences, Inc. - Common Stock",Q,N,1863127,"Tyra Biosciences, Inc.",True,Matched: 'Bio-' prefix
UK,Ucommune International Ltd  - Ordinary Shares,S,N,1821424,Ucommune International Ltd,True,Matched: 'rna'
UNCY,"Unicycive Therapeutics, Inc. - Common Stock",S,N,1766140,"Unicycive Therapeutics, Inc.",True,Matched: 'therapeutics'
UPB,"Upstream Bio, Inc. - Common Stock",Q,N,2022626,"Upstream Bio, Inc.",True,Matched: '-bio' suffix
UPC,Universe Pharmaceuticals Inc - Ordinary Shares,S,N,1809616,Universe Pharmaceuticals INC,True,Matched: 'pharma'
URGN,UroGen Pharma Ltd. - Ordinary Shares,G,N,1668243,UroGen Pharma Ltd.,True,Matched: 'pharma'
UTHR,United Therapeutics Corporation - Common Stock,Q,N,1082554,UNITED THERAPEUTICS Corp,True,Matched: 'therapeutics'
UTMD,"Utah Medical Products, Inc. - Common Stock",Q,N,706698,UTAH MEDICAL PRODUCTS INC,True,Matched: 'medica'
VANI,"Vivani Medical, Inc.  - Common Stock",S,N,1266806,"Vivani Medical, Inc.",True,Matched: 'medica'
VCEL,Vericel Corporation - Common Stock,G,N,887359,Vericel Corp,True,Known biopharma (allowlist)
VERA,"Vera Therapeutics, Inc. - Class A Common Stock",G,N,1831828,"Vera Therapeutics, Inc.",True,Matched: 'therapeutics'
VFF,"Village Farms International, Inc. - Common Shares",S,N,1584549,"Village Farms International, Inc.",True,Matched: 'rna'
VIR,"Vir Biotechnology, Inc. - Common Stock",Q,N,1706431,"Vir Biotechnology, Inc.",True,Matched: 'Bio-' prefix
VKTX,"Viking Therapeutics, Inc. - Common Stock",S,N,1607678,"Viking Therapeutics, Inc.",True,Matched: 'therapeutics'
VNDA,Vanda Pharmaceuticals Inc. - Common Stock,G,N,1347178,Vanda Pharmaceuticals Inc.,True,Matched: 'pharma'
VOR,Vor Biopharma Inc. - Common Stock,Q,N,1817229,Vor Biopharma Inc.,True,Matched: 'Bio-' prefix
VRAX,Virax Biolabs Group Limited - Ordinary Shares,S,D,1885827,Virax Biolabs Group Ltd,True,Matched: 'Bio-' prefix
VRCA,Verrica Pharmaceuticals Inc. - Common Stock,S,N,1660334,Verrica Pharmaceuticals Inc.,True,Matched: 'pharma'
VRDN,"Viridian Therapeutics, Inc.  - Common Stock",S,N,1590750,"Viridian Therapeutics, Inc.\DE",True,Known biopharma (allowlist)
VRTX,Vertex Pharmaceuticals Incorporated - Common Stock,Q,N,875320,VERTEX PHARMACEUTICALS INC / MA,True,Matched: 'pharma'
VTGN,"Vistagen Therapeutics, Inc. - Common Stock",S,N,1411685,"Vistagen Therapeutics, Inc.",True,Matched: 'therapeutics'
VTVT,vTv Therapeutics Inc. - Class A Common Stock,S,N,1641489,vTv Therapeutics Inc.,True,Matched: 'therapeutics'
VTYX,"Ventyx Biosciences, Inc. - Common Stock",Q,N,1851194,"Ventyx Biosciences, Inc.",True,Matched: 'Bio-' prefix
VVOS,"Vivos Therapeutics, Inc. - Common Stock",S,N,1716166,"Vivos Therapeutics, Inc.",True,Matched: 'therapeutics'
VVPR,VivoPower International PLC - Ordinary Shares,S,N,1681348,VivoPower International PLC,True,Matched: 'rna'
VYGR,"Voyager Therapeutics, Inc. - Common Stock",Q,N,1640266,"Voyager Therapeutics, Inc.",True,Matched: 'therapeutics'
VYNE,VYNE Therapeutics Inc. - Common Stock,S,D,1566044,VYNE Therapeutics Inc.,True,Matched: 'therapeutics'
WETO,Webus International Limited - Ordinary Shares,S,N,1941158,Webus International Ltd.,True,Matched: 'rna'
WFRD,Weatherford International plc - Ordinary shares,Q,N,1603923,Weatherford International plc,True,Matched: 'rna'
WHWK,"Whitehawk Therapeutics, Inc. - Common Stock",S,N,1422142,"Whitehawk Therapeutics, Inc.",True,Matched: 'therapeutics'
WILC,"G. Willi-Food International,  Ltd. - Ordinary Shares",S,N,1030997,G WILLI FOOD INTERNATIONAL LTD,True,Matched: 'rna'
WKEY,WISeKey International Holding Ltd - American Depositary Shares,G,N,1738699,Wisekey International Holding S.A.,True,Matched: 'rna'
WOK,WORK Medical Technology Group LTD - Class A Ordinary Shares,S,N,1929783,WORK Medical Technology Group LTD,True,Matched: 'medica'
WW,"WW International, Inc.  - Common Stock",G,N,105319,"WW INTERNATIONAL, INC.",True,Matched: 'rna'
WXM,WF International Limited - Ordinary Shares,S,N,1979610,WF International Ltd.,True,Matched: 'rna'
XBIO,"Xenetic Biosciences, Inc. - Common Stock",S,N,1534525,"Xenetic Biosciences, Inc.",True,Matched: 'Bio-' prefix
XBIT,XBiotech Inc. - Common Stock,Q,N,1626878,XBiotech Inc.,True,Matched: 'biotech'
XENE,Xenon Pharmaceuticals Inc. - Common Shares,G,N,1582313,Xenon Pharmaceuticals Inc.,True,Matched: 'pharma'
XERS,"Xeris Biopharma Holdings, Inc. - Common Stock",Q,N,1867096,"Xeris Biopharma Holdings, Inc.",True,Matched: 'Bio-' prefix
XFOR,"X4 Pharmaceuticals, Inc. - Common Stock",S,N,1501697,"X4 Pharmaceuticals, Inc",True,Matched: 'pharma'
XLO,"Xilio Therapeutics, Inc. - Common Stock",S,D,1840233,"Xilio Therapeutics, Inc.",True,Matched: 'therapeutics'
XRTX,XORTX Therapeutics Inc. - Common Stock,S,D,1729214,XORTX Therapeutics Inc.,True,Matched: 'therapeutics'
XTLB,XTL Biopharmaceuticals Ltd. - American Depositary Shares,S,N,1023549,XTL BIOPHARMACEUTICALS LTD,True,Matched: 'Bio-' prefix
YDES,YD Bio Limited - Ordinary Shares,G,N,2011674,YD Bio Ltd,True,Matched: '-bio' suffix
YDESW,YD Bio Limited - Warrants,G,N,2011674,YD Bio Ltd,True,Matched: '-bio' suffix
YIBO,Planet Image International Limited - Class A Ordinary Shares,S,N,1868395,Planet Image International Ltd,True,Matched: 'rna'
ZBIO,"Zenas BioPharma, Inc. - Common Stock",Q,N,1953926,"Zenas BioPharma, Inc.",True,Matched: 'Bio-' prefix
ZJYL,JIN MEDICAL INTERNATIONAL LTD. - Ordinary Shares,S,D,1837821,Jin Medical International Ltd.,True,Matched: 'rna'
ZKIN,"ZK International Group Co., Ltd - Ordinary Share",S,N,1687451,"ZK International Group Co., Ltd.",True,Matched: 'rna'
ZNTL,"Zentalis Pharmaceuticals, Inc. - common stock",G,N,1725160,"Zentalis Pharmaceuticals, Inc.",True,Matched: 'pharma'
ZURA,Zura Bio Limited - Class A Ordinary shares,S,N,1855644,Zura Bio Ltd,True,Matched: '-bio' suffix
ZVRA,"Zevra Therapeutics, Inc.  - Common Stock",Q,N,1434647,"ZEVRA THERAPEUTICS, INC.",True,Matched: 'therapeutics'
ZYBT,Zhengye Biotechnology Holding Limited - Ordinary Shares,S,N,1975641,Zhengye Biotechnology Holding Ltd,True,Matched: 'Bio-' prefix
